id_operacao,data,cliente,segmento,moeda_origem,moeda_destino,valor_brl,taxa_mercado,taxa_aplicada,custo_operacional,spread_pct,valor_moeda_estrangeira,receita_brl,margem_brl
OP00001,2024-05-20,Alves e Filhos,PME,BRL,USD,67360.01,5.385067,5.488912,79.36,0.0193,12272.0149,1298.9625,1219.6025
OP00002,2024-02-22,Joaquim Câmara,PF,BRL,USD,2565.9,5.434441,5.501676,14.57,0.0124,466.3852,31.7454,17.1754
OP00003,2024-02-14,Sousa Caldeira e Filhos,PME,BRL,ARS,128966.24,0.006092,0.006288,136.97,0.0322,20509898.2188,4149.275,4012.305
OP00004,2024-02-17,Pastor - ME,PME,BRL,USD,35286.35,5.343282,5.411146,47.29,0.0127,6521.0493,448.1652,400.8752
OP00005,2024-01-14,Arthur Borges,PF,BRL,EUR,5781.22,5.626146,5.773207,23.78,0.0261,1001.388,151.1145,127.3345
OP00006,2024-12-25,da Conceição Montenegro - EI,PME,BRL,GBP,81604.96,6.689705,6.852585,103.6,0.0243,11908.6389,1986.9061,1883.3061
OP00007,2024-10-28,Gael Henrique Silva,PF,BRL,USD,2899.75,5.247471,5.331288,14.9,0.016,543.9117,46.3172,31.4172
OP00008,2024-03-22,Ísis Leão,PF,BRL,ARS,3427.23,0.006072,0.006376,11.43,0.0501,537520.389,171.5873,160.1573
OP00009,2024-03-20,Machado Pastor Ltda.,PME,BRL,USD,36067.54,5.41198,5.508262,48.07,0.0178,6547.8984,641.6607,593.5907
OP00010,2024-02-22,Emanuel Sampaio,PF,BRL,GBP,3487.85,7.030747,7.194874,25.49,0.0233,484.7687,81.421,55.931
OP00011,2024-06-25,Manuela da Mota,PF,BRL,USD,3484.81,5.600046,5.667048,15.48,0.012,614.9251,41.6942,26.2142
OP00012,2024-08-23,Cunha Teixeira Ltda.,PME,BRL,ARS,36300.58,0.005999,0.006384,44.3,0.0642,5686181.0777,2329.6755,2285.3755
OP00013,2024-07-12,Caleb Garcia,PF,BRL,JPY,8190.42,0.035121,0.036055,28.19,0.0266,227164.6096,217.8142,189.6242
OP00014,2024-11-17,Luiz Henrique Ferreira,PF,BRL,USD,26480.95,5.528913,5.599231,38.48,0.0127,4729.3905,336.7909,298.3109
OP00015,2024-10-22,Aparecida,PME,BRL,ARS,77874.84,0.006021,0.00623,85.87,0.0347,12499974.3178,2703.1791,2617.3091
OP00016,2024-12-04,Sra. Zoe Campos,PF,BRL,USD,2729.14,5.229004,5.300935,14.73,0.0138,514.8412,37.5425,22.8125
OP00017,2024-02-10,Anna Liz Novaes,PF,BRL,USD,3792.61,5.514169,5.590657,15.79,0.0139,678.3836,52.608,36.818
OP00018,2024-07-13,Pires,PME,BRL,ARS,25373.15,0.006016,0.006379,33.37,0.0603,3977606.2079,1530.9929,1497.6229
OP00019,2024-07-05,Maria Cecília Oliveira,PF,BRL,EUR,3331.04,5.921566,6.025847,21.33,0.0176,552.792,58.6609,37.3309
OP00020,2024-12-09,Bernardo Aparecida,PF,BRL,USD,7090.19,5.495877,5.601662,19.09,0.0192,1265.7297,136.4724,117.3824
OP00021,2024-11-27,Heloísa Vargas,PF,BRL,JPY,3021.97,0.035777,0.03717,23.02,0.0389,81301.3183,117.6623,94.6423
OP00022,2024-09-30,Bruno da Conceição,PF,BRL,EUR,2022.93,5.978659,6.090885,20.02,0.0188,332.1241,37.9726,17.9526
OP00023,2024-07-13,Garcia Ltda.,PME,BRL,USD,25744.53,5.27081,5.372301,37.74,0.0193,4792.0863,495.7185,457.9785
OP00024,2024-12-18,Maria Clara Castro,PF,BRL,JPY,8250.84,0.036214,0.037307,28.25,0.0302,221160.6401,249.0244,220.7744
OP00025,2024-01-29,Fogaça,PME,BRL,EUR,62116.06,5.774521,5.963439,80.12,0.0327,10416.1475,2032.1758,1952.0558
OP00026,2024-06-10,João Felipe Sampaio,PF,BRL,USD,12264.37,5.436524,5.525822,24.26,0.0164,2219.4653,201.4493,177.1893
OP00027,2024-10-17,Ana Sophia Pereira,PF,BRL,USD,1038.31,5.488765,5.548071,13.04,0.0108,187.1479,11.2189,-1.8211
OP00028,2024-12-01,Nascimento Siqueira S.A.,PME,BRL,USD,21344.04,5.512589,5.604114,33.34,0.0166,3808.6377,354.3731,321.0331
OP00029,2024-11-25,Ravi Garcia,PF,BRL,ARS,4382.57,0.006043,0.006323,12.38,0.0463,693115.6097,203.0646,190.6846
OP00030,2024-05-06,Henry Rodrigues,PF,BRL,USD,3113.92,5.480321,5.542927,15.11,0.0114,561.7826,35.5727,20.4627
OP00031,2024-10-26,Vargas,PME,BRL,EUR,30781.9,5.791294,6.000325,48.78,0.0361,5130.0388,1111.0421,1062.2621
OP00032,2024-07-04,Ian Andrade,PF,BRL,EUR,6755.16,5.985508,6.194577,24.76,0.0349,1090.4958,235.9523,211.1923
OP00033,2024-09-17,Dr. João Felipe Azevedo,PF,BRL,JPY,3638.54,0.03637,0.03781,23.64,0.0396,96232.2137,144.061,120.421
OP00034,2024-02-26,Levi Cunha,PF,BRL,GBP,11387.94,6.924226,7.218548,33.39,0.0425,1577.5943,484.0572,450.6672
OP00035,2024-12-14,Sara Gonçalves,PF,BRL,USD,3281.19,5.364612,5.435614,15.28,0.0132,603.6466,43.4274,28.1474
OP00036,2024-07-14,Natália Casa Grande,PF,BRL,USD,10736.81,5.368469,5.480288,22.74,0.0208,1959.1689,223.6353,200.8953
OP00037,2024-05-08,Carvalho,PME,BRL,EUR,50153.64,5.822553,5.973056,68.15,0.0258,8396.6465,1296.3855,1228.2355
OP00038,2024-01-06,Souza Novais - EI,Corporate,BRL,ARS,394373.42,0.005965,0.006225,402.37,0.0436,63353159.8394,17189.7886,16787.4186
OP00039,2024-10-01,Souza,PME,BRL,USD,45388.17,5.443637,5.534684,57.39,0.0167,8200.6796,759.1352,701.7452
OP00040,2024-06-23,Pacheco,PME,BRL,GBP,28394.31,7.093746,7.40816,50.39,0.0443,3832.8424,1258.5126,1208.1226
OP00041,2024-08-20,Maria Cecília Câmara,PF,BRL,USD,1581.19,5.397137,5.472255,13.58,0.0139,288.9467,22.0072,8.4272
OP00042,2024-05-14,Thomas Monteiro,PF,BRL,GBP,5316.67,6.8403,7.06647,27.32,0.0331,752.3799,175.7922,148.4722
OP00043,2024-09-16,Sá S/A,Corporate,BRL,GBP,445497.45,6.941614,7.111527,467.5,0.0245,62644.4152,10904.6409,10437.1409
OP00044,2024-06-01,Cassiano e Filhos,Corporate,BRL,ARS,613083.21,0.005999,0.00624,621.08,0.0402,98250514.4231,24629.6139,24008.5339
OP00045,2024-04-11,Vieira Rodrigues - ME,PME,BRL,EUR,99257.42,5.937976,6.070112,117.26,0.0223,16351.8268,2208.7456,2091.4856
OP00046,2024-10-03,Ana Luiza Gomes,PF,BRL,GBP,3090.53,7.090994,7.347513,25.09,0.0362,420.6226,111.8009,86.7109
OP00047,2024-01-01,Peixoto,Corporate,BRL,JPY,711035.5,0.037577,0.03839,731.04,0.0216,18521372.7533,15383.6619,14652.6219
OP00048,2024-02-27,Moura,PME,BRL,EUR,37187.16,5.95801,6.084501,55.19,0.0212,6111.7847,789.4987,734.3087
OP00049,2024-06-06,Novaes,Corporate,BRL,ARS,530807.23,0.00594,0.006272,538.81,0.0559,84631254.7832,29668.0135,29129.2035
OP00050,2024-10-17,Danilo Rodrigues,PF,BRL,USD,5027.51,5.360522,5.431377,17.03,0.0132,925.6419,66.4533,49.4233
OP00051,2024-09-05,Vargas,Corporate,BRL,USD,264337.28,5.451148,5.553582,276.34,0.0188,47597.619,4967.2335,4690.8935
OP00052,2024-09-29,Camargo,PME,BRL,JPY,72555.51,0.035884,0.036698,92.56,0.0227,1977097.117,1645.864,1553.304
OP00053,2024-08-31,Lopes,PME,BRL,USD,31251.61,5.365217,5.481086,43.25,0.0216,5701.7186,674.9201,631.6701
OP00054,2024-09-27,Marques Abreu e Filhos,Corporate,BRL,USD,403655.21,5.460061,5.560634,415.66,0.0184,72591.5804,7435.2311,7019.5711
OP00055,2024-04-18,Montenegro,PME,BRL,USD,57311.37,5.541171,5.634572,69.31,0.0169,10171.3795,966.0303,896.7203
OP00056,2024-12-19,Montenegro Caldeira e Filhos,Corporate,BRL,GBP,411543.01,6.87159,7.163861,433.54,0.0425,57447.0959,17504.2584,17070.7184
OP00057,2024-12-09,Thiago Pereira,PF,BRL,USD,5843.72,5.484437,5.564336,17.84,0.0146,1050.2098,85.1331,67.2931
OP00058,2024-09-21,Cassiano Freitas S.A.,PME,BRL,USD,109034.15,5.306348,5.419189,121.03,0.0213,20120.0124,2318.6422,2197.6122
OP00059,2024-02-02,Vitória Abreu,PF,BRL,USD,5810.89,5.437416,5.536401,17.81,0.0182,1049.579,105.7839,87.9739
OP00060,2024-04-27,Luna Mendonça,PF,BRL,EUR,5727.11,5.949146,6.05435,23.73,0.0177,945.9496,101.2775,77.5475
OP00061,2024-12-28,Camargo Ltda.,PME,BRL,USD,59612.57,5.32285,5.379063,71.61,0.0106,11082.3335,629.5502,557.9402
OP00062,2024-01-17,da Costa,PME,BRL,USD,55529.97,5.26858,5.367644,67.53,0.0188,10345.3154,1044.1183,976.5883
OP00063,2024-05-01,da Costa - EI,PME,BRL,USD,24464.94,5.470908,5.575108,36.46,0.019,4388.245,465.9641,429.5041
OP00064,2024-10-03,Bryan Siqueira,PF,BRL,EUR,3185.89,5.71774,5.903165,21.19,0.0324,539.6918,103.3177,82.1277
OP00065,2024-10-19,Ana Lívia Teixeira,PF,BRL,JPY,8912.58,0.036297,0.037543,28.91,0.0343,237396.5852,305.9502,277.0402
OP00066,2024-08-30,Cardoso Ribeiro - ME,PME,BRL,USD,29708.65,5.415753,5.496516,41.71,0.0149,5404.9965,443.0334,401.3234
OP00067,2024-02-19,da Luz Moura - EI,PME,BRL,USD,29321.3,5.311892,5.429689,41.32,0.0222,5400.1804,650.2318,608.9118
OP00068,2024-07-29,Cunha,PME,BRL,USD,84709.45,5.374124,5.471254,96.71,0.0181,15482.6389,1531.0084,1434.2984
OP00069,2024-12-10,Gabriela Silva,PF,BRL,GBP,5039.16,7.100588,7.348013,27.04,0.0348,685.7854,175.5931,148.5531
OP00070,2024-02-01,Guerra,PME,BRL,EUR,21502.73,5.84596,6.032733,39.5,0.0319,3564.3431,686.9923,647.4923
OP00071,2024-02-25,Maria Fernanda Macedo,PF,BRL,USD,2629.79,5.452107,5.570884,14.63,0.0218,472.0597,57.2913,42.6613
OP00072,2024-08-17,Milena Campos,PF,BRL,USD,4641.13,5.479957,5.601063,16.64,0.0221,828.6159,102.5681,85.9281
OP00073,2024-08-24,Henry Gabriel Azevedo,PF,BRL,USD,3008.26,5.236396,5.344861,15.01,0.0207,562.8322,62.3121,47.3021
OP00074,2024-08-14,Sr. Yuri da Conceição,PF,BRL,JPY,2868.56,0.035631,0.036774,22.87,0.0321,78005.1123,92.02,69.15
OP00075,2024-02-20,Abreu Barbosa e Filhos,PME,BRL,ARS,55474.95,0.006046,0.006361,63.47,0.0521,8721105.1721,2890.2761,2826.8061
OP00076,2024-01-08,Ana Liz da Conceição,PF,BRL,JPY,5743.16,0.035418,0.036898,25.74,0.0418,155649.6287,239.9875,214.2475
OP00077,2024-05-01,Andrade Ltda.,Corporate,BRL,JPY,517771.14,0.035177,0.036558,537.77,0.0393,14163005.0878,20326.9734,19789.2034
OP00078,2024-04-19,Théo da Costa,PF,BRL,EUR,8439.36,5.974745,6.163246,26.44,0.0315,1369.3044,266.2587,239.8187
OP00079,2024-03-25,Rios,PME,BRL,JPY,21876.68,0.035325,0.036658,41.88,0.0377,596777.7838,825.5234,783.6434
OP00080,2024-05-15,Hadassa Nogueira,PF,BRL,JPY,6002.09,0.036185,0.037634,26.0,0.04,159485.8373,240.349,214.349
OP00081,2024-05-26,Silveira Oliveira - EI,Corporate,BRL,GBP,681050.67,7.431677,7.730126,703.05,0.0402,88103.4371,27350.3398,26647.2898
OP00082,2024-10-11,Isabelly Viana,PF,BRL,JPY,11111.35,0.036712,0.038086,31.11,0.0374,291743.6853,415.8584,384.7484
OP00083,2024-04-07,Jesus,PME,BRL,EUR,41382.64,5.938799,6.087338,59.38,0.025,6798.1505,1035.047,975.667
OP00084,2024-10-23,Calebe Brito,PF,BRL,JPY,5520.41,0.035384,0.036106,25.52,0.0204,152894.5328,112.6423,87.1223
OP00085,2024-06-09,Fogaça,PME,BRL,USD,200500.78,5.198335,5.270792,212.5,0.0139,38039.972,2794.6804,2582.1804
OP00086,2024-09-14,Maria Sophia Martins,PF,BRL,EUR,3899.0,5.859383,5.966299,21.9,0.0182,653.504,71.1449,49.2449
OP00087,2024-01-30,Rocha e Filhos,Corporate,BRL,EUR,376699.95,5.977407,6.097201,394.7,0.02,61782.4392,7549.4933,7154.7933
OP00088,2024-04-05,Araújo - ME,Corporate,BRL,USD,1275171.79,5.413884,5.484751,1287.17,0.0131,232494.0166,16691.8241,15404.6541
OP00089,2024-04-30,Sra. Bianca da Cruz,PF,BRL,USD,3225.92,5.423378,5.483687,15.23,0.0111,588.2757,35.8728,20.6428
OP00090,2024-10-18,Gabriel Nascimento,PF,BRL,JPY,20965.11,0.037327,0.038592,40.97,0.0339,543250.1555,710.5008,669.5308
OP00091,2024-11-13,Cecilia Lima,PF,BRL,EUR,1483.42,5.871815,6.067955,19.48,0.0334,244.4679,49.5516,30.0716
OP00092,2024-10-16,João Lucas Martins,PF,BRL,EUR,3829.52,5.654712,5.762542,21.83,0.0191,664.5539,73.0253,51.1953
OP00093,2024-04-14,Breno Macedo,PF,BRL,JPY,6769.52,0.036623,0.037676,26.77,0.0288,179677.2481,194.6401,167.8701
OP00094,2024-05-15,Aragão e Filhos,PME,BRL,USD,40914.1,5.365673,5.438125,52.91,0.0135,7523.5674,552.4579,499.5479
OP00095,2024-06-02,Alice Borges,PF,BRL,EUR,14421.36,5.897383,6.078456,32.42,0.0307,2372.5367,442.7928,410.3728
OP00096,2024-02-07,Enzo Jesus,PF,BRL,JPY,6270.25,0.037189,0.038427,26.27,0.0333,163173.0294,208.7329,182.4629
OP00097,2024-10-15,Rafaela Cunha,PF,BRL,EUR,2009.36,5.793345,5.935974,20.01,0.0246,338.5055,49.4693,29.4593
OP00098,2024-04-19,Araújo,Corporate,BRL,USD,433621.89,5.602177,5.667577,445.62,0.0117,76509.219,5062.1163,4616.4963
OP00099,2024-06-27,Mateus Abreu,PF,BRL,USD,715.11,5.289366,5.355898,12.72,0.0126,133.5182,8.995,-3.725
OP00100,2024-07-08,da Luz,PME,BRL,ARS,15105.31,0.005844,0.006158,23.11,0.0537,2452957.1289,811.6132,788.5032
OP00101,2024-10-05,Laura Lima,PF,BRL,USD,3839.77,5.41412,5.495307,15.84,0.015,698.7362,57.579,41.739
OP00102,2024-11-30,Cassiano,PME,BRL,EUR,51786.44,6.124716,6.336814,69.79,0.0346,8172.315,1793.3567,1723.5667
OP00103,2024-10-10,Juan Cunha,PF,BRL,EUR,2774.67,5.904066,6.01572,20.77,0.0189,461.2366,52.4728,31.7028
OP00104,2024-03-09,Vitor Hugo Araújo,PF,BRL,EUR,4428.07,5.857125,6.028244,22.43,0.0292,734.5539,129.3684,106.9384
OP00105,2024-10-10,Sra. Ana Laura Aragão,PF,BRL,ARS,5352.42,0.006079,0.006355,13.35,0.0454,842237.6082,243.0117,229.6617
OP00106,2024-04-17,Pietra Montenegro,PF,BRL,USD,3456.85,5.628022,5.723965,15.46,0.017,603.9258,58.9302,43.4702
OP00107,2024-11-20,Araújo Moraes S/A,PME,BRL,USD,45647.64,5.463538,5.583923,57.65,0.022,8174.8334,1005.8118,948.1618
OP00108,2024-05-08,Azevedo Peixoto S/A,PME,BRL,EUR,37343.67,5.874289,6.014564,55.34,0.0239,6208.874,891.7476,836.4076
OP00109,2024-02-17,Guerra Campos - EI,Corporate,BRL,ARS,351071.27,0.006102,0.00632,359.07,0.0357,55549251.5823,12542.3692,12183.2992
OP00110,2024-01-23,Pacheco Peixoto S/A,PME,BRL,ARS,88520.1,0.006174,0.006564,96.52,0.0632,13485694.6984,5591.6487,5495.1287
OP00111,2024-11-22,Anna Liz Leão,PF,BRL,GBP,8142.97,6.986889,7.180907,30.14,0.0278,1133.9751,226.1211,195.9811
OP00112,2024-08-14,da Luz,Corporate,BRL,USD,696209.28,5.323306,5.430741,708.21,0.0202,128197.8426,14050.9007,13342.6907
OP00113,2024-01-05,Rios Silva Ltda.,PME,BRL,USD,49376.87,5.412671,5.493667,61.38,0.015,8987.962,738.8827,677.5027
OP00114,2024-12-19,João Gonçalves,PF,BRL,JPY,3346.5,0.036837,0.038327,23.35,0.0404,87314.4259,135.3608,112.0108
OP00115,2024-07-08,Rios Ramos Ltda.,Corporate,BRL,EUR,438780.54,5.978557,6.172964,456.78,0.0325,71081.0139,14267.9928,13811.2128
OP00116,2024-03-06,Dias,PME,BRL,USD,39145.04,5.428255,5.544043,51.15,0.0213,7060.7389,834.9877,783.8377
OP00117,2024-01-21,Anthony Marques,PF,BRL,USD,10943.28,5.402268,5.47974,22.94,0.0143,1997.0437,156.9337,133.9937
OP00118,2024-05-07,Barbosa - EI,PME,BRL,USD,43314.53,5.492229,5.550612,55.31,0.0106,7803.5593,460.4382,405.1282
OP00119,2024-10-13,Montenegro da Luz S.A.,PME,BRL,USD,60735.16,5.385945,5.503936,72.74,0.0219,11034.8594,1330.5376,1257.7976
OP00120,2024-11-13,Azevedo,PME,BRL,USD,157498.13,5.515045,5.602631,169.5,0.0159,28111.4587,2501.2726,2331.7726
OP00121,2024-05-01,Freitas da Paz S.A.,PME,BRL,JPY,27341.69,0.035126,0.036344,47.34,0.0347,752302.7185,948.0777,900.7377
OP00122,2024-03-31,Nogueira,PME,BRL,JPY,79394.57,0.03648,0.03784,99.39,0.0373,2098165.1691,2959.8853,2860.4953
OP00123,2024-06-19,Pimenta,PME,BRL,USD,49633.94,5.303097,5.362442,61.63,0.0112,9255.8465,555.4351,493.8051
OP00124,2024-12-08,Rios - EI,PME,BRL,USD,14267.9,5.591207,5.709475,26.27,0.0212,2498.9863,301.8017,275.5317
OP00125,2024-05-16,Ribeiro,PME,BRL,ARS,30469.45,0.005961,0.006179,38.47,0.0366,4931129.6326,1114.2996,1075.8296
OP00126,2024-07-14,Davi Luiz da Luz,PF,BRL,GBP,7226.41,7.087388,7.253424,29.23,0.0234,996.2757,169.2929,140.0629
OP00127,2024-04-23,Caldeira e Filhos,PME,BRL,ARS,57916.54,0.005939,0.006142,65.92,0.0342,9429589.7102,1979.6359,1913.7159
OP00128,2024-06-28,Daniela da Mata,PF,BRL,JPY,6992.96,0.036628,0.037413,26.99,0.0214,186912.5705,149.871,122.881
OP00129,2024-04-26,Gustavo Henrique Silva,PF,BRL,GBP,2097.17,6.70577,6.977402,24.1,0.0405,300.566,84.9505,60.8505
OP00130,2024-07-23,Sr. João Montenegro,PF,BRL,EUR,3356.51,6.009133,6.124328,21.36,0.0192,548.0618,64.3443,42.9843
OP00131,2024-05-22,Isis Aragão,PF,BRL,ARS,6025.39,0.006177,0.006466,14.03,0.0468,931857.408,281.9067,267.8767
OP00132,2024-12-13,Otávio da Mota,PF,BRL,EUR,4170.53,5.849466,6.00666,22.17,0.0269,694.3176,112.0756,89.9056
OP00133,2024-01-15,Abreu Ltda.,Corporate,BRL,EUR,606824.26,5.753214,5.939738,624.82,0.0324,102163.4725,19673.749,19048.929
OP00134,2024-04-01,João Castro,PF,BRL,JPY,6719.74,0.036064,0.037074,26.72,0.028,181252.0904,188.1915,161.4715
OP00135,2024-01-20,Novaes,PME,BRL,JPY,75649.39,0.035711,0.03659,95.65,0.0246,2067488.1115,1862.0541,1766.4041
OP00136,2024-06-09,Sra. Alexia Camargo,PF,BRL,USD,5213.39,5.506218,5.629643,17.21,0.0224,926.0605,116.8611,99.6511
OP00137,2024-02-29,Dom Nogueira,PF,BRL,JPY,5301.79,0.035443,0.036907,25.3,0.0413,143652.6946,218.9945,193.6945
OP00138,2024-05-10,Léo Pacheco,PF,BRL,EUR,19587.56,5.897529,6.0828,37.59,0.0314,3220.1552,615.3436,577.7536
OP00139,2024-09-23,Clara Lopes,PF,BRL,USD,18198.65,5.317126,5.410238,30.2,0.0175,3363.743,318.6896,288.4896
OP00140,2024-12-09,Aparecida das Neves Ltda.,Corporate,BRL,EUR,467803.78,5.964228,6.142574,485.8,0.0299,76157.6141,13988.5553,13502.7553
OP00141,2024-12-06,Luiz Henrique Costela,PF,BRL,USD,3021.05,5.335266,5.420974,15.02,0.0161,557.2892,48.5314,33.5114
OP00142,2024-12-05,Rios Caldeira Ltda.,Corporate,BRL,EUR,929055.37,5.638215,5.745649,947.06,0.0191,161697.2025,17702.7897,16755.7297
OP00143,2024-06-02,Pinto,PME,BRL,GBP,61379.54,7.158912,7.36243,83.38,0.0284,8336.8589,1744.9357,1661.5557
OP00144,2024-06-16,Srta. Isabela Castro,PF,BRL,EUR,7044.49,5.963551,6.087309,25.04,0.0208,1157.2421,146.1901,121.1501
OP00145,2024-03-06,Noah Alves,PF,BRL,USD,2264.37,5.597798,5.71923,14.26,0.0217,395.9222,49.1206,34.8606
OP00146,2024-07-13,Lucas Gabriel Viana,PF,BRL,EUR,4783.97,5.81698,6.013077,22.78,0.0337,795.5943,161.2731,138.4931
OP00147,2024-11-11,Rios,PME,BRL,JPY,17888.22,0.036975,0.038503,37.89,0.0413,464592.8889,739.2346,701.3446
OP00148,2024-01-01,da Mata Castro e Filhos,PME,BRL,USD,58992.13,5.430102,5.517659,70.99,0.0161,10691.5143,951.2112,880.2212
OP00149,2024-10-23,Mateus Andrade,PF,BRL,USD,1920.88,5.335267,5.394897,13.92,0.0112,356.055,21.4689,7.5489
OP00150,2024-08-14,Câmara,PME,BRL,USD,58419.9,5.432654,5.55487,70.42,0.0225,10516.8798,1314.2465,1243.8265
OP00151,2024-08-30,Raul Ferreira,PF,BRL,USD,5015.76,5.405074,5.511704,17.02,0.0197,910.0198,98.9497,81.9297
OP00152,2024-03-27,Vieira,PME,BRL,JPY,41438.43,0.034849,0.035633,61.44,0.0225,1162922.8524,932.2428,870.8028
OP00153,2024-12-05,Câmara Alves e Filhos,PME,BRL,USD,53742.3,5.455559,5.527811,65.74,0.0132,9722.1667,711.749,646.009
OP00154,2024-04-30,Guerra Farias Ltda.,PME,BRL,USD,94470.83,5.566468,5.64884,106.47,0.0148,16723.9345,1397.9693,1291.4993
OP00155,2024-04-11,Vargas Ltda.,PME,BRL,USD,61032.8,5.319163,5.408225,73.03,0.0167,11285.1814,1021.9095,948.8795
OP00156,2024-08-31,Dr. Vitor Gabriel Farias,PF,BRL,USD,5356.74,5.567536,5.68293,17.36,0.0207,942.6018,111.025,93.665
OP00157,2024-08-21,Camargo Ltda.,PME,BRL,GBP,172168.17,7.142237,7.442494,194.17,0.042,23133.1285,7237.8861,7043.7161
OP00158,2024-04-09,João Andrade,PF,BRL,EUR,2710.7,5.818516,5.923689,20.71,0.0181,457.6034,48.9975,28.2875
OP00159,2024-07-23,Peixoto - ME,PME,BRL,USD,73644.43,5.547812,5.652937,85.64,0.0189,13027.6403,1395.4818,1309.8418
OP00160,2024-01-03,Dr. Pedro Henrique Pereira,PF,BRL,EUR,3854.52,5.80995,5.913314,21.85,0.0178,651.8375,68.5752,46.7252
OP00161,2024-02-24,Gomes - EI,PME,BRL,ARS,94356.27,0.005789,0.006053,102.36,0.0456,15588347.9266,4302.998,4200.638
OP00162,2024-12-22,da Cunha Aparecida e Filhos,PME,BRL,USD,85085.88,5.385196,5.464246,97.09,0.0147,15571.3853,1248.9868,1151.8968
OP00163,2024-05-07,Agatha Moreira,PF,BRL,USD,12315.42,5.408002,5.49052,24.32,0.0153,2243.0334,187.9148,163.5948
OP00164,2024-03-09,Fonseca Lopes S/A,Corporate,BRL,USD,901028.17,5.435716,5.554727,913.03,0.0219,162209.2625,19727.3484,18814.3184
OP00165,2024-10-13,Pinto,PME,BRL,EUR,17993.19,5.843501,5.999421,35.99,0.0267,2999.1544,480.1057,444.1157
OP00166,2024-08-14,Ribeiro,PME,BRL,JPY,49814.37,0.03629,0.037269,69.81,0.027,1336616.7592,1343.8487,1274.0387
OP00167,2024-09-15,Silveira Ltda.,PME,BRL,GBP,22858.92,6.992415,7.151987,44.86,0.0228,3196.1635,521.6572,476.7972
OP00168,2024-08-16,Luana Rios,PF,BRL,JPY,2582.32,0.036351,0.037345,22.58,0.0273,69147.6771,70.6123,48.0323
OP00169,2024-08-31,Duarte,PME,BRL,GBP,48154.55,7.03181,7.292137,70.15,0.037,6603.6266,1782.7458,1712.5958
OP00170,2024-11-22,Laís Novaes,PF,BRL,GBP,3824.5,6.834357,6.984582,25.82,0.022,547.5632,84.0658,58.2458
OP00171,2024-09-05,Gael Leão,PF,BRL,GBP,3637.45,6.790584,6.962034,25.64,0.0252,522.4694,91.8391,66.1991
OP00172,2024-02-09,Rocha,PME,BRL,USD,21148.51,5.379314,5.459311,33.15,0.0149,3873.8423,314.5043,281.3543
OP00173,2024-06-20,Pimenta Nunes Ltda.,PME,BRL,USD,162529.27,5.403808,5.463097,174.53,0.011,29750.3907,1783.2236,1608.6936
OP00174,2024-03-11,Agatha da Rosa,PF,BRL,EUR,6808.63,5.990942,6.10558,24.81,0.0191,1115.1488,130.2846,105.4746
OP00175,2024-03-19,Gustavo Henrique Lopes,PF,BRL,USD,4674.12,5.376135,5.484595,16.67,0.0202,852.227,94.2973,77.6273
OP00176,2024-07-27,Martins,PME,BRL,USD,32142.39,5.462586,5.533666,44.14,0.013,5808.5165,418.2417,374.1017
OP00177,2024-02-01,Melina Rocha,PF,BRL,EUR,4239.34,5.580675,5.747342,22.24,0.0299,737.6175,126.608,104.368
OP00178,2024-10-26,Thomas Melo,PF,BRL,USD,3433.31,5.16325,5.263777,15.43,0.0195,652.2522,66.8456,51.4156
OP00179,2024-10-21,Ribeiro Barros Ltda.,Corporate,BRL,USD,706654.79,5.433615,5.524031,718.65,0.0166,127923.7553,11758.8198,11040.1698
OP00180,2024-06-29,Lívia Borges,PF,BRL,USD,2790.1,5.408584,5.494413,14.79,0.0159,507.8067,44.2762,29.4862
OP00181,2024-08-02,Leonardo Câmara,PF,BRL,USD,1907.07,5.421974,5.496423,13.91,0.0137,346.9657,26.1859,12.2759
OP00182,2024-11-04,Diogo Alves,PF,BRL,GBP,4469.58,6.893405,7.091452,26.47,0.0287,630.2771,128.4107,101.9407
OP00183,2024-05-19,da Cruz - ME,PME,BRL,EUR,33922.53,5.723459,5.837329,51.92,0.0199,5811.3103,674.8993,622.9793
OP00184,2024-06-21,Ana Sophia Marques,PF,BRL,USD,5699.46,5.498341,5.600881,17.7,0.0186,1017.6006,106.2907,88.5907
OP00185,2024-03-25,Pires,PME,BRL,GBP,49761.39,7.104232,7.268241,71.76,0.0231,6846.4144,1148.7964,1077.0364
OP00186,2024-11-14,Silva Sampaio - ME,PME,BRL,JPY,207809.26,0.03673,0.038063,227.81,0.0363,5459613.2727,7541.7845,7313.9745
OP00187,2024-10-30,Maria Liz da Cruz,PF,BRL,JPY,2683.41,0.035863,0.036794,22.68,0.026,72930.6409,69.6611,46.9811
OP00188,2024-11-25,Rezende Sales S/A,PME,BRL,USD,115522.14,5.258558,5.349791,127.52,0.0173,21593.7669,2004.2436,1876.7236
OP00189,2024-04-03,Otávio Câmara,PF,BRL,ARS,2160.41,0.006068,0.006281,10.16,0.0351,343959.5606,75.8351,65.6751
OP00190,2024-04-18,Valentim Martins,PF,BRL,USD,3798.37,5.332393,5.398665,15.8,0.0124,703.5758,47.2069,31.4069
OP00191,2024-07-13,Josué Campos,PF,BRL,USD,3504.34,5.306689,5.37345,15.5,0.0126,652.1583,44.0865,28.5865
OP00192,2024-08-03,Catarina Martins,PF,BRL,JPY,1113.81,0.036493,0.038011,21.11,0.0416,29302.3072,46.3312,25.2212
OP00193,2024-01-10,Vitória Novais,PF,BRL,USD,4332.17,5.301983,5.419335,16.33,0.0221,799.3914,95.8865,79.5565
OP00194,2024-06-28,Sá,PME,BRL,USD,57651.58,5.429546,5.50336,69.65,0.0136,10475.7058,783.766,714.116
OP00195,2024-11-29,Sofia Lima,PF,BRL,USD,6753.01,5.294424,5.409062,18.75,0.0217,1248.4623,146.2202,127.4702
OP00196,2024-05-06,Melissa Castro,PF,BRL,USD,17037.73,5.574918,5.652185,29.04,0.0139,3014.3617,236.1388,207.0988
OP00197,2024-03-19,Sra. Milena da Luz,PF,BRL,USD,3359.74,5.461625,5.540186,15.36,0.0144,606.4309,48.3271,32.9671
OP00198,2024-02-28,João Guilherme Vargas,PF,BRL,EUR,5913.82,5.529308,5.652878,23.91,0.0223,1046.1609,132.1631,108.2531
OP00199,2024-12-24,Pires,PME,BRL,USD,58431.58,5.302334,5.376373,70.43,0.014,10868.2154,815.9078,745.4778
OP00200,2024-11-06,João Guilherme Macedo,PF,BRL,USD,2524.27,5.428916,5.517264,14.52,0.0163,457.5221,41.079,26.559
OP00201,2024-02-28,Silva Ltda.,PME,BRL,GBP,33815.57,6.906541,7.107373,55.82,0.0291,4757.8156,983.3068,927.4868
OP00202,2024-06-08,da Mata Farias Ltda.,PME,BRL,USD,34842.64,5.482107,5.584502,46.84,0.0187,6239.1669,650.7921,603.9521
OP00203,2024-06-08,Anna Liz Carvalho,PF,BRL,USD,6871.07,5.555689,5.645463,18.87,0.0162,1217.0959,111.0292,92.1592
OP00204,2024-07-11,da Conceição Gomes e Filhos,PME,BRL,JPY,17285.66,0.035257,0.036682,37.29,0.0404,471230.0311,698.6433,661.3533
OP00205,2024-02-08,Heitor Azevedo,PF,BRL,GBP,6247.15,6.81665,7.113312,28.25,0.0435,878.2337,271.8772,243.6272
OP00206,2024-05-04,Jesus,PME,BRL,ARS,67010.51,0.00619,0.006573,75.01,0.0619,10194813.6315,4146.2076,4071.1976
OP00207,2024-12-16,Dr. Oliver Araújo,PF,BRL,GBP,6122.68,6.843161,7.019982,28.12,0.0258,872.1789,158.2044,130.0844
OP00208,2024-10-16,Leão Gomes - EI,PME,BRL,USD,41303.03,5.365542,5.474328,53.3,0.0203,7544.8585,837.4161,784.1161
OP00209,2024-08-07,Teixeira - EI,PME,BRL,USD,59494.74,5.624143,5.707414,71.49,0.0148,10424.115,880.8785,809.3885
OP00210,2024-11-27,Mendes,PME,BRL,USD,42516.87,5.502343,5.614036,54.52,0.0203,7573.3162,863.0572,808.5372
OP00211,2024-09-07,Luiz Gustavo da Rosa,PF,BRL,ARS,1471.91,0.005879,0.006162,9.47,0.0481,238868.8737,70.854,61.384
OP00212,2024-11-21,Mariah Nascimento,PF,BRL,JPY,9397.03,0.035393,0.036485,29.4,0.0309,257558.7228,289.9318,260.5318
OP00213,2024-03-19,Mendonça Câmara Ltda.,PME,BRL,EUR,60835.86,5.824365,5.97101,78.84,0.0252,10188.5376,1531.7163,1452.8763
OP00214,2024-11-29,Raquel Alves,PF,BRL,GBP,8541.05,6.913196,7.161945,30.54,0.036,1192.5601,307.3221,276.7821
OP00215,2024-10-02,Maitê Rios,PF,BRL,ARS,2059.14,0.006137,0.006361,10.06,0.0365,323713.2526,75.1584,65.0984
OP00216,2024-10-30,Silveira,PME,BRL,EUR,67873.78,5.995937,6.164838,85.87,0.0282,11009.8238,1911.9529,1826.0829
OP00217,2024-02-14,Ravi Lucca Cardoso,PF,BRL,ARS,5576.48,0.00603,0.006253,13.58,0.037,891808.7318,206.228,192.648
OP00218,2024-08-25,Yasmin Alves,PF,BRL,EUR,2597.64,5.754411,5.940733,20.6,0.0324,437.2592,84.109,63.509
OP00219,2024-06-21,Pastor,PME,BRL,EUR,52193.75,5.794114,5.983866,70.19,0.0327,8722.4129,1709.2982,1639.1082
OP00220,2024-04-03,Amanda Barros,PF,BRL,ARS,4058.94,0.006099,0.006471,12.06,0.061,627250.8113,247.5694,235.5094
OP00221,2024-05-12,Mariane Carvalho,PF,BRL,USD,4252.53,5.294294,5.400537,16.25,0.0201,787.4273,85.3374,69.0874
OP00222,2024-12-25,Emilly Aragão,PF,BRL,ARS,3868.99,0.005934,0.006275,11.87,0.0575,616572.1116,222.3333,210.4633
OP00223,2024-09-21,Garcia,PME,BRL,EUR,84249.83,6.00861,6.197154,102.25,0.0314,13594.9228,2643.673,2541.423
OP00224,2024-07-27,Cunha,Corporate,BRL,USD,187781.16,5.430344,5.50989,199.78,0.0146,34080.7457,2750.6987,2550.9187
OP00225,2024-12-19,Lunna Fernandes,PF,BRL,GBP,1719.8,7.106454,7.334487,23.72,0.0321,234.4813,55.1852,31.4652
OP00226,2024-08-17,Lara Sá,PF,BRL,GBP,5572.01,7.264813,7.523984,27.57,0.0357,740.5664,198.7805,171.2105
OP00227,2024-04-23,da Cunha,PME,BRL,USD,53391.94,5.478383,5.581704,65.39,0.0189,9565.5269,1006.9593,941.5693
OP00228,2024-12-05,Ravy Almeida,PF,BRL,USD,5694.81,5.447749,5.514922,17.69,0.0123,1032.6184,70.2194,52.5294
OP00229,2024-09-28,Ferreira S.A.,PME,BRL,EUR,154661.32,6.007414,6.163502,172.66,0.026,25093.0916,4018.4972,3845.8372
OP00230,2024-10-08,Ana Lívia Vasconcelos,PF,BRL,JPY,5583.23,0.036072,0.037527,25.58,0.0403,148779.0124,225.2051,199.6251
OP00231,2024-05-18,Ana Cecília Sá,PF,BRL,GBP,2761.23,6.882641,7.189856,24.76,0.0446,384.0452,123.2508,98.4908
OP00232,2024-04-08,Josué Costa,PF,BRL,USD,22934.73,5.456587,5.540007,34.93,0.0153,4139.8377,350.6249,315.6949
OP00233,2024-12-19,Eduardo da Costa,PF,BRL,GBP,4547.75,6.84109,7.11657,26.55,0.0403,639.0368,183.1308,156.5808
OP00234,2024-09-04,Renan Rios,PF,BRL,USD,8337.69,5.14936,5.260268,20.34,0.0215,1585.0314,179.5789,159.2389
OP00235,2024-09-25,Henrique Martins,PF,BRL,EUR,2305.88,5.698476,5.882252,20.31,0.0323,392.0063,74.3647,54.0547
OP00236,2024-04-09,Vargas,PME,BRL,JPY,20294.79,0.035812,0.036877,40.29,0.0297,550337.3376,603.5394,563.2494
OP00237,2024-06-03,Sr. Danilo Vasconcelos,PF,BRL,USD,4314.55,5.370546,5.459055,16.31,0.0165,790.3474,71.1057,54.7957
OP00238,2024-05-20,Leonardo Caldeira,PF,BRL,EUR,8101.92,5.831606,5.975926,26.1,0.0247,1355.7598,200.5055,174.4055
OP00239,2024-05-29,Amanda das Neves,PF,BRL,USD,15162.29,5.521669,5.580514,27.16,0.0107,2717.006,161.5861,134.4261
OP00240,2024-09-08,Gonçalves,PME,BRL,USD,27158.98,5.4558,5.576007,39.16,0.022,4870.6861,598.3906,559.2306
OP00241,2024-05-25,Srta. Ana Vitória Pastor,PF,BRL,USD,4255.04,5.280495,5.341348,16.26,0.0115,796.6229,49.0355,32.7755
OP00242,2024-04-04,Dra. Isabelly Caldeira,PF,BRL,USD,5002.1,5.417092,5.512675,17.0,0.0176,907.3816,88.2606,71.2606
OP00243,2024-09-01,Rodrigues,Corporate,BRL,USD,504196.3,5.397394,5.467662,516.2,0.013,92214.2407,6564.0688,6047.8688
OP00244,2024-09-08,Bárbara Vieira,PF,BRL,USD,4667.07,5.416744,5.486015,16.67,0.0128,850.7213,59.6839,43.0139
OP00245,2024-01-28,Ana Cecília Ferreira,PF,BRL,EUR,4902.7,5.786419,5.953049,22.9,0.0288,823.5612,141.1818,118.2818
OP00246,2024-06-04,Mariane Ribeiro,PF,BRL,ARS,11502.76,0.005681,0.00595,19.5,0.0474,1933236.9748,544.6651,525.1651
OP00247,2024-10-12,Sr. Thiago Ramos,PF,BRL,USD,10560.17,5.176074,5.240065,22.56,0.0124,2015.2746,130.5537,107.9937
OP00248,2024-11-12,Albuquerque,PME,BRL,EUR,59497.15,5.820186,6.032171,77.5,0.0364,9863.3063,2167.0275,2089.5275
OP00249,2024-08-18,Rebeca Caldeira,PF,BRL,EUR,2148.85,5.758995,5.933953,20.15,0.0304,362.1279,65.282,45.132
OP00250,2024-10-28,Fonseca,Corporate,BRL,USD,402410.82,5.392484,5.45921,414.41,0.0124,73712.2807,4979.3869,4564.9769
OP00251,2024-11-13,Santos,Corporate,BRL,USD,876568.75,5.537328,5.59727,888.57,0.0108,156606.4796,9488.9239,8600.3539
OP00252,2024-02-20,Pedro Henrique Cavalcanti,PF,BRL,JPY,3276.43,0.035476,0.036705,23.28,0.0346,89263.8605,113.5058,90.2258
OP00253,2024-04-18,Pimenta,Corporate,BRL,USD,364999.48,5.452852,5.552819,377.0,0.0183,65732.2848,6691.5264,6314.5264
OP00254,2024-05-02,Rafaela Martins,PF,BRL,USD,4051.26,5.375245,5.44737,16.05,0.0134,743.7093,54.3598,38.3098
OP00255,2024-01-02,Juliana Duarte,PF,BRL,USD,7660.01,5.44798,5.55946,19.66,0.0205,1377.8335,156.744,137.084
OP00256,2024-08-28,Caio da Mota,PF,BRL,EUR,13427.12,5.732171,5.855984,31.43,0.0216,2292.8888,290.0214,258.5914
OP00257,2024-12-27,Isabelly Sá,PF,BRL,USD,7137.04,5.366569,5.423755,19.14,0.0107,1315.8854,76.0521,56.9121
OP00258,2024-02-06,Maria Helena Fernandes,PF,BRL,ARS,1835.97,0.006212,0.006607,9.84,0.0636,277882.5488,116.7431,106.9031
OP00259,2024-11-16,Monteiro Ltda.,PME,BRL,JPY,36539.33,0.036755,0.037689,56.54,0.0254,969495.8741,928.5195,871.9795
OP00260,2024-04-11,Mendonça Cunha Ltda.,PME,BRL,ARS,110110.34,0.00579,0.006028,118.11,0.0411,18266479.7611,4526.1245,4408.0145
OP00261,2024-11-27,Luigi da Mota,PF,BRL,EUR,2319.1,6.055311,6.228135,20.32,0.0285,372.3587,66.1892,45.8692
OP00262,2024-03-13,Kamilly Novais,PF,BRL,USD,1746.05,5.341148,5.45802,13.75,0.0219,319.9054,38.2061,24.4561
OP00263,2024-06-06,Valentim Correia,PF,BRL,USD,3605.59,5.443107,5.556986,15.61,0.0209,648.8391,75.435,59.825
OP00264,2024-05-27,da Costa e Filhos,PME,BRL,ARS,89578.61,0.005996,0.006358,97.58,0.0604,14089117.6471,5408.1816,5310.6016
OP00265,2024-06-04,Rebeca Novais,PF,BRL,EUR,4019.95,5.843337,5.976995,22.02,0.0229,672.5704,91.9506,69.9306
OP00266,2024-09-13,Sales Melo e Filhos,PME,BRL,JPY,182211.25,0.036484,0.03741,202.21,0.0254,4870656.2416,4624.7017,4422.4917
OP00267,2024-11-02,Sra. Melissa Vieira,PF,BRL,USD,5539.79,5.38013,5.500176,17.54,0.0223,1007.2023,123.6085,106.0685
OP00268,2024-06-14,Caleb da Rocha,PF,BRL,USD,2307.97,5.410888,5.485383,14.31,0.0138,420.7491,31.7752,17.4652
OP00269,2024-04-27,Guerra Sales S.A.,PME,BRL,USD,56234.48,5.294336,5.367338,68.23,0.0138,10477.1639,775.4003,707.1703
OP00270,2024-10-21,Ribeiro,Corporate,BRL,ARS,1665619.7,0.006086,0.00646,1673.62,0.0615,257835866.8731,102356.5179,100682.8979
OP00271,2024-12-10,Melo,PME,BRL,USD,58302.26,5.506131,5.603624,70.3,0.0177,10404.3847,1032.3151,962.0151
OP00272,2024-03-30,Lima,PME,BRL,EUR,27378.78,5.909705,6.121203,45.38,0.0358,4472.7777,979.8386,934.4586
OP00273,2024-05-22,Dra. Luísa Fogaça,PF,BRL,EUR,1656.84,5.700289,5.859204,19.66,0.0279,282.7756,46.1901,26.5301
OP00274,2024-11-21,Sra. Júlia das Neves,PF,BRL,EUR,4057.76,5.873231,6.046862,22.06,0.0296,671.0522,119.96,97.9
OP00275,2024-08-28,da Conceição,PME,BRL,JPY,34643.58,0.034987,0.035899,54.64,0.0261,965029.1094,903.0481,848.4081
OP00276,2024-12-09,Gael Dias,PF,BRL,USD,11181.1,5.304552,5.379163,23.18,0.0141,2078.5948,157.2674,134.0874
OP00277,2024-07-29,Vitor Gabriel Teixeira,PF,BRL,USD,2828.65,5.684297,5.789252,14.83,0.0185,488.6037,52.2283,37.3983
OP00278,2024-07-24,Correia Cunha e Filhos,PME,BRL,USD,52942.98,5.419336,5.490217,64.94,0.0131,9643.1489,692.4559,627.5159
OP00279,2024-08-20,da Mota,PME,BRL,EUR,35397.47,5.864275,6.025116,53.4,0.0274,5874.9856,970.8556,917.4556
OP00280,2024-02-29,Dra. Valentina Peixoto,PF,BRL,USD,1814.31,5.506609,5.61537,13.81,0.0198,323.0971,35.8344,22.0244
OP00281,2024-09-20,Brito,Corporate,BRL,USD,489612.86,5.591246,5.696142,501.61,0.0188,85955.1711,9185.5072,8683.8972
OP00282,2024-10-04,da Rocha da Conceição Ltda.,PME,BRL,USD,19633.78,5.356759,5.465658,31.63,0.0203,3592.2079,399.1404,367.5104
OP00283,2024-09-22,Kevin Albuquerque,PF,BRL,USD,7307.36,5.505036,5.580817,19.31,0.0138,1309.371,100.5914,81.2814
OP00284,2024-11-16,Dra. Carolina da Mota,PF,BRL,GBP,1736.23,7.057891,7.22162,23.74,0.0232,240.4211,40.2771,16.5371
OP00285,2024-05-16,Benjamim Novaes,PF,BRL,USD,4781.61,5.467033,5.536582,16.78,0.0127,863.6393,60.8294,44.0494
OP00286,2024-08-12,Davi Lucas Porto,PF,BRL,JPY,9470.48,0.036086,0.037385,29.47,0.036,253322.9905,340.9121,311.4421
OP00287,2024-01-15,Caldeira,PME,BRL,EUR,69958.15,5.976451,6.163786,87.96,0.0313,11349.8668,2192.875,2104.915
OP00288,2024-05-02,Oliveira Ltda.,Corporate,BRL,EUR,380833.21,5.924054,6.085713,398.83,0.0273,62578.2402,10392.3961,9993.5661
OP00289,2024-01-08,Mendes,PME,BRL,USD,64702.12,5.42243,5.491115,76.7,0.0127,11783.0568,819.5708,742.8708
OP00290,2024-02-28,Fernandes,PME,BRL,USD,81704.89,5.414456,5.473513,93.7,0.0109,14927.3218,891.1783,797.4783
OP00291,2024-03-19,Benjamim da Cunha,PF,BRL,USD,2613.8,5.513741,5.632798,14.61,0.0216,464.0323,56.4392,41.8292
OP00292,2024-09-17,Bruna Azevedo,PF,BRL,GBP,9844.17,6.888903,7.173202,31.84,0.0413,1372.3537,406.2603,374.4203
OP00293,2024-09-04,Mendonça,PME,BRL,USD,87794.01,5.344267,5.402755,99.79,0.0109,16249.8596,960.8233,861.0333
OP00294,2024-10-09,Oliveira e Filhos,Corporate,BRL,USD,215188.02,5.454112,5.519271,227.19,0.0119,38988.486,2570.8009,2343.6109
OP00295,2024-11-02,Ana Júlia Cassiano,PF,BRL,USD,5712.85,5.348295,5.426265,17.71,0.0146,1052.8144,83.2847,65.5747
OP00296,2024-02-05,Kevin Barros,PF,BRL,ARS,4275.16,0.006016,0.006274,12.28,0.0429,681408.9895,183.343,171.063
OP00297,2024-07-31,Dante Novais,PF,BRL,GBP,11912.93,6.927125,7.125588,33.91,0.0287,1671.8522,341.3069,307.3969
OP00298,2024-05-16,Heloisa Vasconcelos,PF,BRL,GBP,8415.68,6.939058,7.187342,30.42,0.0358,1170.903,301.1185,270.6985
OP00299,2024-06-01,Machado,PME,BRL,USD,52530.47,5.515072,5.635129,64.53,0.0218,9321.9641,1143.5301,1079.0001
OP00300,2024-12-03,da Rosa,PME,BRL,EUR,104159.73,5.770038,5.917397,122.16,0.0255,17602.2886,2660.0992,2537.9392
OP00301,2024-10-02,Mariane das Neves,PF,BRL,USD,19861.37,5.360813,5.473305,31.86,0.021,3628.7709,416.7736,384.9136
OP00302,2024-10-05,Ana Liz Pimenta,PF,BRL,USD,1822.75,5.210071,5.310891,13.82,0.0194,343.2098,35.272,21.452
OP00303,2024-04-06,Srta. Giovanna Pires,PF,BRL,JPY,3885.79,0.035797,0.036783,23.89,0.0275,105640.9211,107.031,83.141
OP00304,2024-07-15,da Luz Ribeiro S/A,Corporate,BRL,USD,273400.72,5.286502,5.35683,285.4,0.0133,51037.7817,3637.1358,3351.7358
OP00305,2024-01-23,Isaque Cavalcanti,PF,BRL,GBP,4897.02,6.932322,7.141843,26.9,0.0302,685.6802,148.0065,121.1065
OP00306,2024-07-14,Ana Vitória Castro,PF,BRL,EUR,2630.28,5.929867,6.146303,20.63,0.0365,427.9451,96.0034,75.3734
OP00307,2024-11-29,Nicolas Machado,PF,BRL,EUR,9025.3,5.824963,6.03696,27.03,0.0364,1495.0074,328.4719,301.4419
OP00308,2024-01-19,da Rocha,Corporate,BRL,EUR,1999078.8,5.772324,5.892623,2017.08,0.0208,339251.0941,41662.1071,39645.0271
OP00309,2024-06-18,Igor da Paz,PF,BRL,JPY,5525.14,0.036355,0.037562,25.53,0.0332,147093.8715,183.4368,157.9068
OP00310,2024-08-13,Sampaio,PME,BRL,ARS,19492.83,0.006009,0.006236,27.49,0.0378,3125854.7146,736.3742,708.8842
OP00311,2024-01-08,Ana Sophia Rodrigues,PF,BRL,JPY,3440.28,0.0356,0.036919,23.44,0.0371,93184.5391,127.4643,104.0243
OP00312,2024-12-01,da Luz Viana e Filhos,PME,BRL,USD,37130.61,5.381844,5.50094,49.13,0.0221,6749.8664,821.6714,772.5414
OP00313,2024-05-15,Lima Camargo - EI,Corporate,BRL,USD,1172520.1,5.338359,5.438999,1184.52,0.0189,215576.4507,22104.6248,20920.1048
OP00314,2024-11-28,Dom da Mata,PF,BRL,EUR,6144.82,5.805943,5.933609,24.14,0.022,1035.5957,135.1175,110.9775
OP00315,2024-12-11,Brayan Araújo,PF,BRL,USD,5647.38,5.2363,5.328539,17.65,0.0176,1059.8365,99.4803,81.8303
OP00316,2024-06-11,Vieira das Neves - EI,PME,BRL,USD,30203.47,5.417787,5.531721,42.2,0.021,5460.0494,635.1675,592.9675
OP00317,2024-09-06,Macedo,PME,BRL,ARS,34617.17,0.005953,0.006331,42.62,0.0635,5467883.4307,2198.1002,2155.4802
OP00318,2024-02-05,Martins e Filhos,PME,BRL,USD,69277.66,5.51703,5.611428,81.28,0.0171,12345.8164,1185.3611,1104.0811
OP00319,2024-05-27,Nathan da Mata,PF,BRL,EUR,4496.37,5.756599,5.900248,22.5,0.025,762.0646,112.2015,89.7015
OP00320,2024-08-10,Macedo,Corporate,BRL,GBP,849857.43,6.768806,6.991507,871.86,0.0329,121555.6861,27961.2238,27089.3638
OP00321,2024-12-26,Peixoto S/A,Corporate,BRL,GBP,366515.69,6.930883,7.218022,388.52,0.0414,50777.8571,15184.3493,14795.8293
OP00322,2024-12-21,Sousa,PME,BRL,USD,6193.73,5.306016,5.399449,18.19,0.0176,1147.1041,109.0646,90.8746
OP00323,2024-06-15,Dr. Apollo Borges,PF,BRL,USD,3727.64,5.512769,5.615506,15.73,0.0186,663.812,69.469,53.739
OP00324,2024-07-10,Rocha Oliveira - EI,PME,BRL,USD,18697.41,5.449955,5.564641,30.7,0.021,3360.0389,393.4585,362.7585
OP00325,2024-07-29,João Felipe Oliveira,PF,BRL,USD,7126.58,5.51974,5.634037,19.13,0.0207,1264.9154,147.5698,128.4398
OP00326,2024-03-28,Teixeira S.A.,PME,BRL,GBP,63777.06,6.998671,7.286235,85.78,0.0411,8753.0885,2620.4956,2534.7156
OP00327,2024-07-14,Stella Rezende,PF,BRL,EUR,9482.45,5.986808,6.165647,27.48,0.0299,1537.9489,283.2614,255.7814
OP00328,2024-10-25,da Mota,PME,BRL,USD,33869.27,5.451901,5.566775,45.87,0.0211,6084.1816,713.6407,667.7707
OP00329,2024-05-10,Pedro Henrique Porto,PF,BRL,EUR,4522.96,5.867166,6.009165,22.52,0.0242,752.677,109.4661,86.9461
OP00330,2024-08-26,Ayla Melo,PF,BRL,EUR,3305.92,5.90791,6.107948,21.31,0.0339,541.2489,111.9363,90.6263
OP00331,2024-03-21,Jesus,Corporate,BRL,EUR,508698.24,5.999579,6.105338,526.7,0.0176,83320.2421,8967.1987,8440.4987
OP00332,2024-10-27,Dr. Cauã Castro,PF,BRL,JPY,8166.9,0.034928,0.03638,28.17,0.0416,224488.7301,339.5081,311.3381
OP00333,2024-12-19,Dr. Thales da Paz,PF,BRL,JPY,2211.18,0.036537,0.037772,22.21,0.0338,58540.1885,74.7409,52.5309
OP00334,2024-04-11,Maria Liz Teixeira,PF,BRL,ARS,12262.16,0.006026,0.006239,20.26,0.0353,1965404.7123,433.4285,413.1685
OP00335,2024-02-24,Marques S/A,Corporate,BRL,ARS,580702.34,0.006189,0.006599,588.7,0.0662,87998536.1418,38469.5362,37880.8362
OP00336,2024-10-21,Dr. Lorenzo Camargo,PF,BRL,EUR,10327.67,5.681345,5.886672,28.33,0.0361,1754.4157,373.2478,344.9178
OP00337,2024-01-12,Sophie Abreu,PF,BRL,EUR,3825.07,5.872709,6.010831,21.83,0.0235,636.3629,89.963,68.133
OP00338,2024-05-20,Jesus,Corporate,BRL,EUR,402153.45,5.870433,6.041517,420.15,0.0291,66564.9786,11720.093,11299.943
OP00339,2024-01-26,Gabriel Moreira,PF,BRL,ARS,10241.68,0.005817,0.00601,18.24,0.0332,1704106.4892,339.8048,321.5648
OP00340,2024-05-26,Pinto,Corporate,BRL,GBP,623201.22,6.827439,6.974844,645.2,0.0216,89349.8435,13454.9684,12809.7684
OP00341,2024-06-29,Pires,PME,BRL,USD,127911.35,5.392899,5.493744,139.91,0.0187,23283.0926,2391.8898,2251.9798
OP00342,2024-05-08,Ana Júlia Costela,PF,BRL,USD,1801.9,5.356099,5.476426,13.8,0.0225,329.0285,40.4804,26.6804
OP00343,2024-12-03,Novaes,PME,BRL,GBP,20972.55,6.596565,6.760997,42.97,0.0249,3101.9907,522.7809,479.8109
OP00344,2024-02-19,da Paz Macedo e Filhos,PME,BRL,USD,73788.64,5.506629,5.579037,85.79,0.0131,13226.0532,970.2647,884.4747
OP00345,2024-06-07,Campos,Corporate,BRL,EUR,578760.37,5.784003,5.960937,596.76,0.0306,97092.1803,17704.4146,17107.6546
OP00346,2024-07-05,Pires - EI,PME,BRL,USD,43753.66,5.276128,5.391271,55.75,0.0218,8115.6484,954.8532,899.1032
OP00347,2024-05-31,Santos Castro Ltda.,PME,BRL,USD,151412.09,5.284431,5.36513,163.41,0.0153,28221.5137,2312.227,2148.817
OP00348,2024-04-12,Alice Novaes,PF,BRL,USD,8569.17,5.377691,5.448996,20.57,0.0133,1572.6145,113.6221,93.0521
OP00349,2024-07-06,Ayla Câmara,PF,BRL,EUR,2359.65,6.01892,6.228301,20.36,0.0348,378.8593,82.0855,61.7255
OP00350,2024-03-25,Ravi Campos,PF,BRL,JPY,6771.61,0.035979,0.036834,26.77,0.0238,183841.2879,160.9196,134.1496
OP00351,2024-09-03,Daniela Monteiro,PF,BRL,ARS,6141.53,0.006055,0.006414,14.14,0.0593,957519.4886,364.1304,349.9904
OP00352,2024-06-22,Moraes,Corporate,BRL,USD,658895.87,5.465612,5.564073,670.9,0.018,118419.7026,11869.768,11198.868
OP00353,2024-02-08,Leão,PME,BRL,EUR,56257.29,5.932953,6.131296,74.26,0.0334,9175.4321,1880.7227,1806.4627
OP00354,2024-12-12,Olivia da Cruz,PF,BRL,JPY,2693.95,0.035964,0.03677,22.69,0.0224,73264.8899,60.3749,37.6849
OP00355,2024-10-12,Novaes,PME,BRL,JPY,33320.99,0.037297,0.038196,53.32,0.0241,872368.5726,803.163,749.843
OP00356,2024-01-08,Matheus Correia,PF,BRL,GBP,3205.73,6.898028,7.139234,25.21,0.035,449.03,112.096,86.886
OP00357,2024-07-07,Sophia Souza,PF,BRL,USD,8279.84,5.329517,5.405326,20.28,0.0142,1531.7929,117.7755,97.4955
OP00358,2024-10-26,Azevedo da Mota - ME,PME,BRL,EUR,42346.41,5.847029,5.957824,60.35,0.0189,7107.6974,802.4196,742.0696
OP00359,2024-07-09,Dr. Alexandre da Paz,PF,BRL,EUR,3811.62,5.566406,5.730617,21.81,0.0295,665.1326,112.4442,90.6342
OP00360,2024-01-13,Sra. Rebeca Cassiano,PF,BRL,USD,9240.08,5.281888,5.391865,21.24,0.0208,1713.7076,192.3926,171.1526
OP00361,2024-06-16,Nascimento,PME,BRL,JPY,27989.72,0.035966,0.036866,47.99,0.025,759228.5575,700.4045,652.4145
OP00362,2024-02-02,Ferreira,Corporate,BRL,USD,2112915.16,5.397559,5.499733,2124.92,0.0189,384185.0432,39996.7825,37871.8625
OP00363,2024-12-24,Novaes,PME,BRL,EUR,43791.71,5.853146,5.993793,61.79,0.024,7306.1766,1052.2841,990.4941
OP00364,2024-03-12,Maria Flor Marques,PF,BRL,USD,2955.44,5.404067,5.483547,14.96,0.0147,538.965,43.467,28.507
OP00365,2024-09-09,Sr. Isaque Oliveira,PF,BRL,USD,2741.39,5.369641,5.462592,14.74,0.0173,501.8478,47.4547,32.7147
OP00366,2024-10-02,Isabel Vasconcelos,PF,BRL,USD,9050.03,5.467317,5.537855,21.05,0.0129,1634.2122,116.7613,95.7113
OP00367,2024-12-09,Ana Clara Dias,PF,BRL,EUR,11577.36,5.958182,6.066214,29.58,0.0181,1908.4984,209.9173,180.3373
OP00368,2024-10-03,Santos,Corporate,BRL,EUR,1482961.19,5.891877,6.097618,1500.96,0.0349,243203.3607,51784.1629,50283.2029
OP00369,2024-03-20,Maria Isis Ribeiro,PF,BRL,GBP,8555.32,6.987654,7.191322,30.56,0.0291,1189.6728,249.3605,218.8005
OP00370,2024-09-07,Monteiro Andrade S.A.,PME,BRL,EUR,53556.81,5.961167,6.162928,71.56,0.0338,8690.1567,1812.6779,1741.1179
OP00371,2024-05-23,Brito,PME,BRL,JPY,173673.92,0.035504,0.036619,193.67,0.0314,4742726.9996,5454.2142,5260.5442
OP00372,2024-08-15,Beatriz Moura,PF,BRL,USD,4005.73,5.422091,5.48295,16.01,0.0112,730.5793,44.9614,28.9514
OP00373,2024-07-04,Alice Silveira,PF,BRL,USD,3382.41,5.34774,5.459836,15.38,0.021,619.5076,70.9,55.52
OP00374,2024-10-05,Nicolas Rezende,PF,BRL,EUR,2692.56,5.788072,5.98078,20.69,0.0333,450.2021,89.6461,68.9561
OP00375,2024-02-01,Barbosa Melo Ltda.,Corporate,BRL,EUR,492746.75,6.100646,6.275169,510.75,0.0286,78523.2637,14096.1533,13585.4033
OP00376,2024-03-03,Dr. Bruno Farias,PF,BRL,USD,2856.25,5.481359,5.604448,14.86,0.0225,509.6398,64.1397,49.2797
OP00377,2024-02-16,Dias,Corporate,BRL,ARS,511532.02,0.006014,0.006247,519.53,0.0387,81884427.7253,19818.2509,19298.7209
OP00378,2024-11-01,Nogueira,PME,BRL,EUR,36990.81,5.874757,5.981167,54.99,0.0181,6184.5473,670.0179,615.0279
OP00379,2024-06-19,Pinto S/A,Corporate,BRL,USD,428453.48,5.219793,5.328987,440.45,0.0209,80400.5489,8962.9128,8522.4628
OP00380,2024-10-16,João Pedro da Conceição,PF,BRL,USD,8750.98,5.494301,5.580045,20.75,0.0156,1568.2633,136.5677,115.8177
OP00381,2024-10-10,Srta. Maya Brito,PF,BRL,ARS,2396.43,0.005824,0.006215,10.4,0.0671,385588.0933,160.8867,150.4867
OP00382,2024-04-29,Beatriz Macedo,PF,BRL,USD,1958.84,5.616188,5.724036,13.96,0.0192,342.2131,37.6157,23.6557
OP00383,2024-11-01,Kaique Alves,PF,BRL,USD,9551.01,5.395841,5.510818,21.55,0.0213,1733.1383,203.5172,181.9672
OP00384,2024-03-15,Luan Vieira,PF,BRL,ARS,1876.98,0.005931,0.006244,9.88,0.0528,300605.3812,99.0549,89.1749
OP00385,2024-03-30,da Rocha Ltda.,Corporate,BRL,EUR,1212612.39,6.011471,6.204813,1230.61,0.0322,195430.9324,39000.2555,37769.6455
OP00386,2024-03-08,Dr. Diogo da Cruz,PF,BRL,ARS,6362.45,0.005918,0.006298,14.36,0.0642,1010233.4074,408.5385,394.1785
OP00387,2024-05-01,Maria Sophia Nunes,PF,BRL,GBP,3593.96,6.807316,7.108972,25.59,0.0443,505.5527,159.2609,133.6709
OP00388,2024-05-15,Cavalcante Cavalcanti S/A,PME,BRL,USD,60721.82,5.368519,5.456602,72.72,0.0164,11128.138,996.2822,923.5622
OP00389,2024-09-26,Maria Helena Pinto,PF,BRL,GBP,6928.19,6.848855,7.065877,28.93,0.0317,980.5138,219.5359,190.6059
OP00390,2024-08-17,Isabella Monteiro,PF,BRL,USD,1308.37,5.425402,5.520973,13.31,0.0176,236.9818,23.0476,9.7376
OP00391,2024-02-25,da Conceição Martins e Filhos,PME,BRL,EUR,40227.81,5.718999,5.929963,58.23,0.0369,6783.8214,1483.9345,1425.7045
OP00392,2024-11-10,Raul da Cunha,PF,BRL,USD,8115.81,5.265457,5.341292,20.12,0.0144,1519.447,116.8868,96.7668
OP00393,2024-12-03,Alexia Martins,PF,BRL,GBP,3776.57,6.947818,7.255438,25.78,0.0443,520.5158,167.2105,141.4305
OP00394,2024-01-16,Yago Castro,PF,BRL,EUR,1965.8,5.81813,5.9285,19.97,0.019,331.5847,37.2913,17.3213
OP00395,2024-07-24,Pedro Miguel Ferreira,PF,BRL,EUR,5235.86,5.69989,5.838056,23.24,0.0242,896.8499,126.9179,103.6779
OP00396,2024-12-30,Letícia Porto,PF,BRL,USD,4279.72,5.533238,5.607851,16.28,0.0135,763.1658,57.7099,41.4299
OP00397,2024-02-11,Sales,Corporate,BRL,USD,1230362.32,5.491824,5.560497,1242.36,0.0125,221268.4082,15385.1747,14142.8147
OP00398,2024-03-05,Rafael da Rosa,PF,BRL,USD,8311.88,5.53203,5.621624,20.31,0.0162,1478.555,134.6151,114.3051
OP00399,2024-10-07,Matheus Mendes,PF,BRL,EUR,6287.72,5.900315,6.072646,24.29,0.0292,1035.4169,183.646,159.356
OP00400,2024-11-01,da Costa - ME,PME,BRL,USD,41680.69,5.44101,5.505448,53.68,0.0118,7570.808,493.6253,439.9453
OP00401,2024-11-05,Maria Alice Oliveira,PF,BRL,EUR,4789.74,5.845645,6.010044,22.79,0.0281,796.9559,134.7034,111.9134
OP00402,2024-02-28,Juan Almeida,PF,BRL,GBP,4622.28,6.757176,7.050525,26.62,0.0434,655.5937,200.6668,174.0468
OP00403,2024-10-09,da Mota,PME,BRL,EUR,52415.59,5.616211,5.719164,70.42,0.0183,9164.9042,960.8511,890.4311
OP00404,2024-08-19,Nunes e Filhos,PME,BRL,USD,54360.0,5.448874,5.562837,66.36,0.0209,9771.9922,1136.9374,1070.5774
OP00405,2024-08-20,Pereira e Filhos,PME,BRL,USD,90997.23,5.087204,5.170462,103.0,0.0164,17599.4389,1489.2753,1386.2753
OP00406,2024-06-09,Laura Vasconcelos,PF,BRL,GBP,2964.65,6.955668,7.106741,24.96,0.0217,417.1603,64.3904,39.4304
OP00407,2024-07-10,Luiz Gustavo Câmara,PF,BRL,EUR,9721.57,5.728331,5.851702,27.72,0.0215,1661.3235,209.3733,181.6533
OP00408,2024-08-30,Pinto da Cunha e Filhos,Corporate,BRL,EUR,590252.02,5.773867,5.926153,608.25,0.0264,99601.2118,15567.9234,14959.6734
OP00409,2024-02-17,Dra. Cecilia Pires,PF,BRL,ARS,4459.46,0.006026,0.006366,12.46,0.0564,700512.0955,251.6124,239.1524
OP00410,2024-07-09,Asafe das Neves,PF,BRL,GBP,4908.19,7.17647,7.433591,26.91,0.0358,660.2717,175.8523,148.9423
OP00411,2024-10-27,Andrade,PME,BRL,EUR,56412.03,5.972927,6.081083,74.41,0.0181,9276.642,1021.4924,947.0824
OP00412,2024-12-09,Siqueira,Corporate,BRL,EUR,562925.73,5.90256,6.085718,580.93,0.031,92499.4766,17467.7345,16886.8045
OP00413,2024-12-06,Caleb da Rocha,PF,BRL,USD,7335.14,5.276555,5.356898,19.34,0.0152,1369.2887,111.6879,92.3479
OP00414,2024-01-27,Souza,Corporate,BRL,USD,314703.56,5.432036,5.531954,326.7,0.0184,56888.3183,5788.7227,5462.0227
OP00415,2024-06-29,Cavalcanti,Corporate,BRL,EUR,481124.03,5.888465,6.094061,499.12,0.0349,78949.6577,16798.4655,16299.3455
OP00416,2024-03-20,Davi Lucca Viana,PF,BRL,EUR,6133.7,6.017916,6.212108,24.13,0.0323,987.3782,197.9282,173.7982
OP00417,2024-02-25,Moura,PME,BRL,USD,43186.55,5.504121,5.583515,55.19,0.0144,7734.6528,622.9429,567.7529
OP00418,2024-02-28,Júlia Cavalcante,PF,BRL,EUR,9370.72,5.916684,6.11043,27.37,0.0327,1533.5615,306.8509,279.4809
OP00419,2024-08-07,Mendes,PME,BRL,EUR,41824.61,6.010958,6.214469,59.82,0.0339,6730.1985,1416.0419,1356.2219
OP00420,2024-11-14,Souza,PME,BRL,JPY,53748.89,0.035259,0.035955,73.75,0.0197,1494893.3389,1060.9838,987.2338
OP00421,2024-01-14,Camargo,PME,BRL,EUR,25900.39,5.681514,5.825958,43.9,0.0254,4445.6877,658.4787,614.5787
OP00422,2024-12-21,Barbosa,PME,BRL,EUR,29397.95,6.03165,6.191331,47.4,0.0265,4748.244,778.2769,730.8769
OP00423,2024-12-25,Henry Gabriel Rocha,PF,BRL,USD,3407.78,5.257106,5.326643,15.41,0.0132,639.7613,45.0755,29.6655
OP00424,2024-06-28,Novais,PME,BRL,JPY,55359.0,0.035496,0.036723,75.36,0.0346,1507474.8795,1913.6098,1838.2498
OP00425,2024-10-16,Sr. Miguel Albuquerque,PF,BRL,ARS,3308.67,0.00627,0.006553,11.31,0.0451,504909.2019,149.3387,138.0287
OP00426,2024-11-20,Nascimento,PME,BRL,USD,51806.12,5.521621,5.611348,63.81,0.0163,9232.3841,841.8556,778.0456
OP00427,2024-09-28,Marques Ltda.,Corporate,BRL,USD,217210.0,5.222297,5.313489,229.21,0.0175,40878.978,3792.9314,3563.7214
OP00428,2024-06-23,Julia Pacheco,PF,BRL,USD,20218.73,5.478316,5.586122,32.22,0.0197,3619.4573,397.8778,365.6578
OP00429,2024-06-15,Maria Fernanda Caldeira,PF,BRL,USD,7144.13,5.492169,5.612812,19.14,0.022,1272.8255,156.9306,137.7906
OP00430,2024-02-13,Melo Alves - EI,PME,BRL,EUR,42966.11,5.895874,6.108365,60.97,0.036,7033.9788,1548.5256,1487.5556
OP00431,2024-11-12,Pimenta,PME,BRL,USD,31805.66,5.369687,5.457376,43.81,0.0163,5828.0133,519.3983,475.5883
OP00432,2024-08-14,Benício Porto,PF,BRL,USD,2965.64,5.293699,5.368803,14.97,0.0142,552.3838,42.0748,27.1048
OP00433,2024-08-14,Sampaio,PME,BRL,EUR,55698.85,6.012864,6.155526,73.7,0.0237,9048.5931,1321.5182,1247.8182
OP00434,2024-09-19,Nicolas Camargo,PF,BRL,USD,12405.61,5.483493,5.559009,24.41,0.0138,2231.6226,170.844,146.434
OP00435,2024-05-25,Augusto Andrade,PF,BRL,USD,2773.04,5.37574,5.443871,14.77,0.0127,509.3875,35.1449,20.3749
OP00436,2024-09-26,Monteiro,PME,BRL,EUR,27952.4,5.914471,6.080096,45.95,0.028,4597.3616,782.7608,736.8108
OP00437,2024-07-21,Brito S.A.,PME,BRL,USD,34855.2,5.434536,5.528596,46.86,0.0173,6304.5301,603.2677,556.4077
OP00438,2024-04-14,Gomes Marques Ltda.,Corporate,BRL,USD,1156388.33,5.391884,5.4841,1168.39,0.0171,210862.0065,19777.4111,18609.0211
OP00439,2024-03-11,Ágatha Leão,PF,BRL,USD,5390.15,5.353624,5.470959,17.39,0.0219,985.2295,118.1355,100.7455
OP00440,2024-03-02,Leão Rezende S/A,PME,BRL,USD,103101.61,5.441469,5.556341,115.1,0.0211,18555.6664,2176.524,2061.424
OP00441,2024-03-30,Maria Luísa da Mota,PF,BRL,GBP,3281.31,6.80852,7.051336,25.28,0.0357,465.3459,117.0232,91.7432
OP00442,2024-04-27,Léo Cunha,PF,BRL,EUR,9965.11,5.814794,6.021222,27.97,0.0355,1654.9979,353.7662,325.7962
OP00443,2024-06-30,Melina da Costa,PF,BRL,ARS,2370.55,0.005917,0.00627,10.37,0.0597,378078.1499,141.4237,131.0537
OP00444,2024-01-22,Sr. Léo Nogueira,PF,BRL,ARS,8094.45,0.005933,0.00621,16.09,0.0467,1303454.1063,377.9138,361.8238
OP00445,2024-02-09,Maria Alice Araújo,PF,BRL,EUR,3337.91,5.882642,6.058987,21.34,0.03,550.9023,100.0611,78.7211
OP00446,2024-10-20,da Mota,PME,BRL,EUR,189737.28,5.705175,5.824187,207.74,0.0209,32577.4705,3957.9878,3750.2478
OP00447,2024-05-28,Davi Marques,PF,BRL,EUR,7313.37,5.898414,6.027205,25.31,0.0218,1213.3933,159.6864,134.3764
OP00448,2024-06-15,Heitor Ramos,PF,BRL,USD,10424.81,5.575327,5.670444,22.42,0.0171,1838.4469,177.8509,155.4309
OP00449,2024-08-23,Alícia Aragão,PF,BRL,JPY,3578.5,0.035014,0.036167,23.58,0.0329,98943.7885,117.8389,94.2589
OP00450,2024-02-15,da Cruz,PME,BRL,JPY,60379.71,0.035998,0.036814,80.38,0.0227,1640129.027,1368.6828,1288.3028
OP00451,2024-08-11,Gustavo Azevedo,PF,BRL,USD,3087.1,5.577025,5.664241,15.09,0.0156,545.0157,48.2774,33.1874
OP00452,2024-07-21,Pastor Cunha S.A.,PME,BRL,EUR,89824.11,5.979174,6.202347,107.82,0.0373,14482.2774,3352.6899,3244.8699
OP00453,2024-04-23,Vasconcelos,PME,BRL,GBP,70345.08,7.124719,7.321218,92.35,0.0276,9608.3848,1940.1099,1847.7599
OP00454,2024-09-18,Alexandre da Mota,PF,BRL,USD,2583.05,5.32318,5.40175,14.58,0.0148,478.1876,38.1258,23.5458
OP00455,2024-04-09,Cardoso Nogueira Ltda.,PME,BRL,EUR,51033.03,5.759913,5.8685,69.03,0.0189,8696.0944,962.0846,893.0546
OP00456,2024-11-26,Camargo Ribeiro S/A,Corporate,BRL,USD,344301.29,5.475748,5.568727,356.3,0.017,61827.6475,5846.2861,5489.9861
OP00457,2024-03-15,Albuquerque Fogaça S.A.,PME,BRL,USD,60980.32,5.490021,5.582778,72.98,0.0169,10922.9348,1030.2969,957.3169
OP00458,2024-03-19,Luna Almeida,PF,BRL,USD,2474.1,5.266785,5.364399,14.47,0.0185,461.2073,45.8547,31.3847
OP00459,2024-03-31,da Luz Aragão S.A.,PME,BRL,EUR,136396.55,5.899025,6.057143,154.4,0.0268,22518.2978,3655.9855,3501.5855
OP00460,2024-08-25,Moura,Corporate,BRL,EUR,529783.45,5.770336,5.981833,547.78,0.0367,88565.4029,19417.8658,18870.0858
OP00461,2024-08-17,Souza S/A,PME,BRL,GBP,69080.78,6.772947,6.947841,91.08,0.0258,9942.7693,1783.8341,1692.7541
OP00462,2024-11-25,Machado,PME,BRL,ARS,28877.06,0.00601,0.006297,36.88,0.0478,4585844.0527,1378.9877,1342.1077
OP00463,2024-11-17,Moraes,PME,BRL,EUR,32159.41,5.994623,6.179247,50.16,0.0308,5204.4222,990.4541,940.2941
OP00464,2024-08-28,Bianca Machado,PF,BRL,USD,3629.49,5.248028,5.312731,15.63,0.0123,683.1684,44.748,29.118
OP00465,2024-05-20,Hellena Pimenta,PF,BRL,USD,10353.21,5.415305,5.506019,22.35,0.0168,1880.344,173.4309,151.0809
OP00466,2024-02-07,Siqueira e Filhos,PME,BRL,USD,31897.11,5.424337,5.530455,43.9,0.0196,5767.5381,624.0131,580.1131
OP00467,2024-01-30,Liz Marques,PF,BRL,EUR,5417.11,5.832161,6.025442,23.42,0.0331,899.0394,179.526,156.106
OP00468,2024-11-26,Ana Araújo,PF,BRL,USD,2630.26,5.303907,5.38252,14.63,0.0148,488.667,38.985,24.355
OP00469,2024-11-10,Guerra,PME,BRL,ARS,16614.9,0.006061,0.006339,24.61,0.0459,2621060.1041,762.0759,737.4659
OP00470,2024-10-24,Rodrigues,PME,BRL,USD,182266.32,5.277803,5.36588,194.27,0.0167,33967.6474,3041.6957,2847.4257
OP00471,2024-01-22,Mendonça e Filhos,PME,BRL,GBP,49818.2,7.015712,7.330099,71.82,0.0448,6796.3884,2232.4455,2160.6255
OP00472,2024-11-29,Ana Sophia Barros,PF,BRL,ARS,3969.07,0.006056,0.00645,11.97,0.0651,615359.6899,258.2255,246.2555
OP00473,2024-09-13,Sr. Benício Cardoso,PF,BRL,EUR,5251.61,5.83843,5.985047,23.25,0.0251,877.4551,131.8805,108.6305
OP00474,2024-02-22,Yan Silva,PF,BRL,USD,7032.22,5.464756,5.542116,19.03,0.0142,1268.8691,99.5493,80.5193
OP00475,2024-12-31,Garcia,PME,BRL,ARS,45017.31,0.005909,0.006132,53.02,0.0377,7341374.7554,1698.9102,1645.8902
OP00476,2024-01-21,Vitória da Rocha,PF,BRL,EUR,2684.49,6.003629,6.225837,20.68,0.037,431.1854,99.3591,78.6791
OP00477,2024-08-12,Sofia Pereira,PF,BRL,USD,9592.44,5.451267,5.517174,21.59,0.0121,1738.651,115.9747,94.3847
OP00478,2024-07-05,Beatriz Vieira,PF,BRL,EUR,21941.16,5.814884,6.00559,39.94,0.0328,3653.4562,719.5863,679.6463
OP00479,2024-07-28,Srta. Helena Lopes,PF,BRL,USD,5031.15,5.258322,5.33869,17.03,0.0153,942.3941,76.8959,59.8659
OP00480,2024-01-27,da Conceição,PME,BRL,EUR,40004.63,5.733899,5.84206,58.0,0.0189,6847.6924,754.6245,696.6245
OP00481,2024-02-03,Fernandes,PME,BRL,EUR,51728.71,5.911974,6.129632,69.73,0.0368,8439.1216,1904.4684,1834.7384
OP00482,2024-07-16,Maria Liz Leão,PF,BRL,EUR,1695.53,5.774356,5.93386,19.7,0.0276,285.7381,46.8353,27.1353
OP00483,2024-12-02,Srta. Luara Lima,PF,BRL,GBP,2845.78,6.880116,7.130413,24.85,0.0364,399.1045,103.5288,78.6788
OP00484,2024-03-17,Rios,Corporate,BRL,EUR,691370.41,5.699948,5.873819,709.37,0.0305,117703.7307,21089.5371,20380.1671
OP00485,2024-03-13,Marcelo Cassiano,PF,BRL,EUR,4398.98,6.024415,6.13685,22.4,0.0187,716.814,82.0991,59.6991
OP00486,2024-12-01,Azevedo,Corporate,BRL,USD,356530.1,5.355619,5.419654,368.53,0.012,65784.6608,4262.8882,3894.3582
OP00487,2024-10-31,Barros S/A,PME,BRL,USD,34604.42,5.367333,5.468271,46.6,0.0188,6328.2197,650.7703,604.1703
OP00488,2024-10-13,Brito,PME,BRL,USD,50472.82,5.321297,5.440815,62.47,0.0225,9276.7021,1133.6354,1071.1654
OP00489,2024-03-06,Dra. Maria Fernanda Cardoso,PF,BRL,GBP,6498.69,7.064309,7.264583,28.5,0.0284,894.5716,184.2386,155.7386
OP00490,2024-12-16,Pastor - EI,PME,BRL,ARS,67473.79,0.006275,0.006569,75.47,0.0469,10271546.6585,3161.3218,3085.8518
OP00491,2024-12-09,Rios,Corporate,BRL,USD,220187.81,5.375725,5.455894,232.19,0.0149,40357.7874,3283.6941,3051.5041
OP00492,2024-07-04,Noah Fogaça,PF,BRL,USD,10320.41,5.365802,5.46938,22.32,0.0193,1886.9433,199.2186,176.8986
OP00493,2024-06-23,Mariana Silveira,PF,BRL,JPY,3537.89,0.034134,0.034818,23.54,0.02,101610.9484,70.8946,47.3546
OP00494,2024-04-25,da Paz - EI,Corporate,BRL,EUR,839216.09,5.756816,5.873347,857.22,0.0202,142885.4944,16987.6352,16130.4152
OP00495,2024-05-31,Fogaça,Corporate,BRL,USD,205873.35,5.419803,5.477499,217.87,0.0106,37585.283,2191.6053,1973.7353
OP00496,2024-10-03,Oliveira - EI,PME,BRL,USD,27537.79,5.396659,5.48881,39.54,0.0171,5017.0784,470.2233,430.6833
OP00497,2024-01-20,Cassiano Ribeiro - ME,PME,BRL,ARS,102510.57,0.005981,0.006191,110.51,0.0351,16557998.7078,3599.2676,3488.7576
OP00498,2024-11-12,Caldeira Ferreira - EI,PME,BRL,ARS,24439.17,0.005995,0.006254,32.44,0.0432,3907766.2296,1055.8374,1023.3974
OP00499,2024-03-24,Sr. João Lucas Oliveira,PF,BRL,USD,4507.17,5.584865,5.668698,16.51,0.015,795.0979,67.656,51.146
OP00500,2024-11-15,Paulo Novais,PF,BRL,EUR,2958.1,5.583664,5.769043,20.96,0.0332,512.754,98.2096,77.2496
OP00501,2024-08-12,Pereira e Filhos,PME,BRL,USD,33467.65,5.51231,5.615708,45.47,0.0188,5959.6493,627.7746,582.3046
OP00502,2024-05-01,Sra. Ana Cirino,PF,BRL,USD,1915.46,5.356074,5.466358,13.92,0.0206,350.4088,39.4402,25.5202
OP00503,2024-08-17,Sampaio,Corporate,BRL,EUR,1824375.52,5.779131,5.956476,1842.38,0.0307,306284.3735,55984.8663,54142.4863
OP00504,2024-08-28,Lucca Ferreira,PF,BRL,USD,5902.43,5.486346,5.584372,17.9,0.0179,1056.955,105.4603,87.5603
OP00505,2024-12-13,Cirino S.A.,Corporate,BRL,USD,509694.02,5.318631,5.384061,521.69,0.0123,94667.2075,6270.2751,5748.5851
OP00506,2024-08-24,Azevedo,Corporate,BRL,JPY,527313.96,0.03724,0.038537,547.31,0.0348,13683316.2934,18365.3654,17818.0554
OP00507,2024-09-14,Sousa Porto S/A,PME,BRL,GBP,40158.34,6.925486,7.082765,62.16,0.0227,5669.8676,912.0029,849.8429
OP00508,2024-04-12,Vinícius Cunha,PF,BRL,JPY,3089.29,0.036935,0.037904,23.09,0.0262,81503.0076,81.0484,57.9584
OP00509,2024-05-08,Leão,PME,BRL,USD,102747.17,5.329055,5.427304,114.75,0.0184,18931.5303,1894.2958,1779.5458
OP00510,2024-07-09,Manuela Castro,PF,BRL,EUR,3813.67,5.798982,5.911876,21.81,0.0195,645.0863,74.2441,52.4341
OP00511,2024-09-21,das Neves,PME,BRL,USD,101844.33,5.477647,5.552584,113.84,0.0137,18341.7901,1393.2823,1279.4423
OP00512,2024-03-23,Vasconcelos,PME,BRL,USD,71973.76,5.541605,5.625191,83.97,0.0151,12794.9007,1085.6058,1001.6358
OP00513,2024-03-16,Antonella Aragão,PF,BRL,JPY,4119.9,0.035819,0.037015,24.12,0.0334,111303.5256,137.5639,113.4439
OP00514,2024-04-23,Castro Sá - EI,PME,BRL,USD,73481.63,5.53226,5.625554,85.48,0.0169,13062.1144,1239.1672,1153.6872
OP00515,2024-01-14,Rocha S/A,PME,BRL,ARS,33984.76,0.006111,0.006519,41.98,0.0668,5213186.0715,2268.9874,2227.0074
OP00516,2024-07-10,Pedro Miguel Ribeiro,PF,BRL,USD,11974.86,5.594321,5.703281,23.97,0.0195,2099.644,233.2331,209.2631
OP00517,2024-07-10,Raquel Pereira,PF,BRL,JPY,6906.17,0.036772,0.037598,26.91,0.0225,183684.5045,155.1315,128.2215
OP00518,2024-02-20,Maria Vitória da Mata,PF,BRL,USD,6983.36,5.37728,5.448235,18.98,0.0132,1281.7656,92.1478,73.1678
OP00519,2024-03-15,Sá Moraes S/A,PME,BRL,EUR,26712.66,5.619936,5.767673,44.71,0.0263,4631.445,702.223,657.513
OP00520,2024-08-29,Dr. Daniel da Paz,PF,BRL,USD,7078.79,5.415952,5.488462,19.08,0.0134,1289.7584,94.7725,75.6925
OP00521,2024-12-27,Moura,PME,BRL,USD,43784.1,5.370104,5.483645,55.78,0.0211,7984.4884,925.7345,869.9545
OP00522,2024-02-10,Lorena Aparecida,PF,BRL,EUR,2236.93,5.956821,6.158274,20.24,0.0338,363.2398,75.6505,55.4105
OP00523,2024-03-17,Miguel Peixoto,PF,BRL,USD,4522.95,5.430519,5.536743,16.52,0.0196,816.8972,88.4714,71.9514
OP00524,2024-09-27,André Costela,PF,BRL,GBP,10357.15,6.880674,7.145468,32.36,0.0385,1449.4712,398.5818,366.2218
OP00525,2024-05-01,Heitor Vargas,PF,BRL,GBP,7442.2,7.061939,7.240312,29.44,0.0253,1027.8839,187.9778,158.5378
OP00526,2024-08-02,José Miguel da Rocha,PF,BRL,USD,6081.2,5.403274,5.520788,18.08,0.0217,1101.5094,132.258,114.178
OP00527,2024-02-02,Campos,PME,BRL,EUR,63550.56,5.773791,5.969267,81.55,0.0339,10646.2921,2151.5516,2070.0016
OP00528,2024-11-01,Theo Souza,PF,BRL,JPY,5092.28,0.034926,0.036268,25.09,0.0384,140406.9703,195.6663,170.5763
OP00529,2024-10-21,Emanuella Cardoso,PF,BRL,EUR,6017.9,6.049159,6.226441,24.02,0.0293,966.5072,176.3659,152.3459
OP00530,2024-08-07,Yasmin Santos,PF,BRL,USD,1599.89,5.40847,5.50193,13.6,0.0173,290.7871,27.6466,14.0466
OP00531,2024-10-19,Theodoro Novais,PF,BRL,USD,7857.3,5.441165,5.539843,19.86,0.0181,1418.3254,142.4957,122.6357
OP00532,2024-02-13,Maria Barbosa,PF,BRL,EUR,3441.86,5.905937,6.063809,21.44,0.0267,567.6069,92.0046,70.5646
OP00533,2024-09-26,Ana Cecília Lopes,PF,BRL,USD,4410.66,5.308144,5.414842,16.41,0.0201,814.5501,88.6578,72.2478
OP00534,2024-09-16,Raul Barbosa,PF,BRL,GBP,5846.46,6.70673,6.965568,27.85,0.0386,839.3372,225.6369,197.7869
OP00535,2024-08-28,Oliveira,PME,BRL,USD,24397.8,5.448017,5.528455,36.4,0.0148,4413.1317,360.2247,323.8247
OP00536,2024-07-10,Maria Luiza Santos,PF,BRL,USD,5907.53,5.55712,5.615818,17.91,0.0106,1051.9447,62.3993,44.4893
OP00537,2024-02-04,Maria Vitória da Rocha,PF,BRL,USD,3122.08,5.470014,5.590337,15.12,0.022,558.478,68.6759,53.5559
OP00538,2024-11-17,Nathan Almeida,PF,BRL,GBP,2094.94,6.747329,6.913133,24.09,0.0246,303.0377,51.4795,27.3895
OP00539,2024-06-19,Sr. Raul Sales,PF,BRL,EUR,7712.69,5.806379,6.023693,25.71,0.0374,1280.3923,288.6611,262.9511
OP00540,2024-06-22,Sr. Pedro Henrique Caldeira,PF,BRL,USD,3062.18,5.173835,5.272991,15.06,0.0192,580.7292,58.6864,43.6264
OP00541,2024-12-16,Lopes Pastor - ME,PME,BRL,USD,57216.01,5.50072,5.584322,69.22,0.0152,10245.8293,869.5903,800.3703
OP00542,2024-11-19,Anna Liz Gonçalves,PF,BRL,EUR,13709.56,5.762144,5.863352,31.71,0.0176,2338.1779,240.7988,209.0888
OP00543,2024-08-22,Lucca Câmara,PF,BRL,USD,2001.79,5.536359,5.647254,14.0,0.02,354.4714,40.0965,26.0965
OP00544,2024-04-12,Sr. Breno Moraes,PF,BRL,USD,5573.97,5.309738,5.396136,17.57,0.0163,1032.9558,90.6975,73.1275
OP00545,2024-06-07,Moura - EI,PME,BRL,USD,35640.21,5.419932,5.514563,47.64,0.0175,6462.9255,622.2714,574.6314
OP00546,2024-10-05,Luiz Fernando Ferreira,PF,BRL,JPY,15275.15,0.037358,0.038595,35.28,0.0331,395780.5415,505.7915,470.5115
OP00547,2024-11-27,Dra. Clara da Costa,PF,BRL,USD,9243.08,5.463993,5.539057,21.24,0.0137,1668.71,126.9809,105.7409
OP00548,2024-01-25,Diogo da Cunha,PF,BRL,USD,4978.92,5.54174,5.605053,16.98,0.0114,888.2913,56.8829,39.9029
OP00549,2024-03-04,Cavalcanti Pereira S.A.,PME,BRL,USD,45146.48,5.351051,5.457637,57.15,0.0199,8272.1661,899.2594,842.1094
OP00550,2024-07-23,Cavalcanti e Filhos,PME,BRL,USD,88298.09,5.47366,5.56511,100.3,0.0167,15866.3692,1475.2214,1374.9214
OP00551,2024-07-16,Martins,PME,BRL,ARS,25204.17,0.005977,0.006236,33.2,0.0433,4041720.6543,1092.1666,1058.9666
OP00552,2024-12-20,Melissa Rodrigues,PF,BRL,USD,3014.64,5.385394,5.456198,15.01,0.0131,552.5166,39.6347,24.6247
OP00553,2024-09-22,Luna Pires,PF,BRL,JPY,12397.66,0.036454,0.037984,32.4,0.042,326391.6386,520.3385,487.9385
OP00554,2024-08-05,Sr. Pedro Lucas Azevedo,PF,BRL,USD,5603.25,5.46229,5.547256,17.6,0.0156,1010.094,87.1586,69.5586
OP00555,2024-04-02,Melina Pires,PF,BRL,EUR,10402.62,5.918105,6.035678,28.4,0.0199,1723.5214,206.6654,178.2654
OP00556,2024-02-10,João Guilherme Pastor,PF,BRL,USD,9953.09,5.367144,5.44822,21.95,0.0151,1826.8517,150.3512,128.4012
OP00557,2024-08-16,Luiz Gustavo Montenegro,PF,BRL,USD,15489.92,5.56667,5.637443,27.49,0.0127,2747.6854,196.9343,169.4443
OP00558,2024-12-19,das Neves - ME,PME,BRL,USD,21445.79,5.273157,5.330183,33.45,0.0108,4023.4622,231.9232,198.4732
OP00559,2024-06-29,Ana Carolina Araújo,PF,BRL,USD,5441.04,5.209009,5.282376,17.44,0.0141,1030.0365,76.6351,59.1951
OP00560,2024-11-23,da Paz,PME,BRL,USD,92925.8,5.378946,5.48977,104.93,0.0206,16927.0844,1914.5775,1809.6475
OP00561,2024-02-08,Ramos S/A,Corporate,BRL,JPY,680459.4,0.035616,0.03668,700.46,0.0299,18551237.7317,20328.1896,19627.7296
OP00562,2024-09-19,Martins,PME,BRL,USD,25666.21,5.394422,5.456281,37.67,0.0115,4703.9751,294.32,256.65
OP00563,2024-01-16,Machado - EI,PME,BRL,EUR,49181.33,6.057353,6.21628,67.18,0.0262,7911.698,1290.3724,1223.1924
OP00564,2024-08-12,Esther Duarte,PF,BRL,EUR,8580.95,5.941039,6.063889,26.58,0.0207,1415.0902,177.4386,150.8586
OP00565,2024-11-26,Olívia Montenegro,PF,BRL,USD,2746.72,5.432594,5.538619,14.75,0.0195,495.9215,53.6062,38.8562
OP00566,2024-10-17,Bento Machado,PF,BRL,USD,6181.29,5.413123,5.47444,18.18,0.0113,1129.1182,70.0184,51.8384
OP00567,2024-08-18,Luigi Silva,PF,BRL,USD,4708.39,5.378003,5.451361,16.71,0.0136,863.7091,64.2242,47.5142
OP00568,2024-02-09,Montenegro e Filhos,Corporate,BRL,USD,618700.66,5.37612,5.448668,630.7,0.0135,113550.8091,8349.0501,7718.3501
OP00569,2024-07-22,Aparecida da Cruz e Filhos,PME,BRL,EUR,86502.54,5.756028,5.908533,104.5,0.0265,14640.2737,2291.8703,2187.3703
OP00570,2024-02-28,Maysa Moura,PF,BRL,USD,3646.58,5.398486,5.459229,15.65,0.0113,667.9661,41.0308,25.3808
OP00571,2024-09-22,Eduarda Fonseca,PF,BRL,USD,1167.53,5.495477,5.576085,13.17,0.0147,209.3817,17.1254,3.9554
OP00572,2024-05-14,Dr. Mathias Jesus,PF,BRL,EUR,5798.99,5.860218,6.028426,23.8,0.0287,961.941,166.4506,142.6506
OP00573,2024-04-19,Rocha,PME,BRL,GBP,19579.74,6.826991,7.090101,41.58,0.0385,2761.5601,754.5968,713.0168
OP00574,2024-09-08,Vieira e Filhos,Corporate,BRL,USD,256818.19,5.461242,5.555634,268.82,0.0173,46226.6215,4438.8406,4170.0206
OP00575,2024-02-07,Lívia Azevedo,PF,BRL,USD,6614.71,5.396151,5.492215,18.61,0.0178,1204.3793,117.7572,99.1472
OP00576,2024-08-15,Sr. Matheus da Paz,PF,BRL,ARS,3078.33,0.005962,0.006182,11.08,0.0369,497950.5015,113.5915,102.5115
OP00577,2024-06-12,Silveira,Corporate,BRL,ARS,321775.2,0.005903,0.00627,329.78,0.0622,51319808.6124,20005.336,19675.556
OP00578,2024-10-08,Farias Barros - EI,PME,BRL,GBP,92067.66,7.267519,7.440155,114.07,0.0238,12374.4277,2187.0177,2072.9477
OP00579,2024-03-21,Cecília Ferreira,PF,BRL,ARS,6467.1,0.006083,0.006289,14.47,0.0339,1028319.2876,219.0075,204.5375
OP00580,2024-11-22,Rezende,PME,BRL,JPY,62784.75,0.037304,0.038103,82.78,0.0214,1647763.9556,1344.7624,1261.9824
OP00581,2024-04-24,Dra. Maria Júlia Cardoso,PF,BRL,USD,2627.82,5.084494,5.147996,14.63,0.0125,510.4549,32.8198,18.1898
OP00582,2024-03-12,Antonella das Neves,PF,BRL,USD,3820.61,5.617081,5.703815,15.82,0.0154,669.8341,58.9945,43.1745
OP00583,2024-07-03,Maria Flor Ramos,PF,BRL,EUR,7249.49,6.090727,6.2049,25.25,0.0187,1168.3492,135.8945,110.6445
OP00584,2024-10-09,Cardoso,PME,BRL,USD,115625.77,5.406157,5.492714,127.63,0.016,21050.7538,1851.2632,1723.6332
OP00585,2024-02-03,Valentina Borges,PF,BRL,ARS,3393.49,0.005904,0.006125,11.39,0.0374,554039.1837,127.026,115.636
OP00586,2024-09-02,Mariana Moraes,PF,BRL,JPY,10040.21,0.035447,0.036554,30.04,0.0312,274667.8886,313.553,283.513
OP00587,2024-10-21,Sr. Luiz Miguel das Neves,PF,BRL,GBP,6069.56,6.865175,7.154267,28.07,0.0421,848.3832,255.5887,227.5187
OP00588,2024-11-24,Heitor Fernandes,PF,BRL,JPY,4027.53,0.036368,0.037448,24.03,0.0297,107549.9359,119.6033,95.5733
OP00589,2024-09-21,Evelyn Câmara,PF,BRL,EUR,8493.52,5.840893,6.006039,26.49,0.0283,1414.1633,240.1466,213.6566
OP00590,2024-10-09,Eduardo Barbosa,PF,BRL,ARS,2788.13,0.005999,0.00633,10.79,0.0552,440462.8752,153.8375,143.0475
OP00591,2024-03-07,Viana,PME,BRL,USD,38714.28,5.524032,5.633448,50.71,0.0198,6872.2175,766.8242,716.1142
OP00592,2024-01-29,Thiago Vargas,PF,BRL,JPY,1666.92,0.036144,0.037494,21.67,0.0374,44458.3133,62.2605,40.5905
OP00593,2024-06-04,Ribeiro Ltda.,PME,BRL,EUR,153853.63,5.976366,6.176325,171.85,0.0335,24910.2225,5147.6797,4975.8297
OP00594,2024-12-29,Caroline Peixoto,PF,BRL,USD,7914.31,5.379283,5.470173,19.91,0.0169,1446.8116,133.7226,113.8126
OP00595,2024-09-22,Daniela Castro,PF,BRL,JPY,6687.75,0.035391,0.036714,26.69,0.0374,182158.0324,250.004,223.314
OP00596,2024-05-08,Sales Vargas - EI,PME,BRL,ARS,82459.51,0.005949,0.00633,90.46,0.064,13026778.831,5281.068,5190.608
OP00597,2024-05-20,Pedro Lucas Aparecida,PF,BRL,JPY,4090.11,0.035709,0.036556,24.09,0.0237,111886.1473,97.0154,72.9254
OP00598,2024-09-30,Maria Clara Rocha,PF,BRL,USD,5978.84,5.482178,5.549747,17.98,0.0123,1077.3176,73.6905,55.7105
OP00599,2024-10-30,Srta. Melina Pimenta,PF,BRL,EUR,17235.18,5.725099,5.834845,35.24,0.0192,2953.8368,330.3859,295.1459
OP00600,2024-12-03,Sá,Corporate,BRL,USD,560887.68,5.426054,5.515923,572.89,0.0166,101685.1903,9289.7002,8716.8102
OP00601,2024-06-21,da Conceição,PME,BRL,JPY,47666.94,0.036326,0.037839,67.67,0.0417,1259730.4369,1985.3571,1917.6871
OP00602,2024-01-15,das Neves Viana - ME,PME,BRL,EUR,99610.05,6.017584,6.142865,117.61,0.0208,16215.5688,2073.7968,1956.1868
OP00603,2024-10-22,Léo Rocha,PF,BRL,JPY,4468.94,0.03671,0.037563,24.47,0.0232,118971.8606,103.8411,79.3711
OP00604,2024-10-19,Maysa Martins,PF,BRL,USD,5099.14,5.371173,5.461563,17.1,0.0168,933.6412,85.812,68.712
OP00605,2024-09-11,Mateus Montenegro,PF,BRL,EUR,7079.6,5.888118,6.000511,25.08,0.0191,1179.8329,135.1361,110.0561
OP00606,2024-11-24,Castro,PME,BRL,EUR,30839.61,5.919784,6.124985,48.84,0.0347,5035.0507,1069.0118,1020.1718
OP00607,2024-12-16,Pereira Carvalho Ltda.,Corporate,BRL,EUR,553180.69,6.004159,6.19452,571.18,0.0317,89301.623,17538.5144,16967.3344
OP00608,2024-12-18,Rodrigo Freitas,PF,BRL,EUR,4167.19,5.621233,5.811977,22.17,0.0339,717.0004,141.4043,119.2343
OP00609,2024-09-04,Bella Silva,PF,BRL,USD,1399.79,5.334355,5.422001,13.4,0.0164,258.1685,22.9992,9.5992
OP00610,2024-03-14,Camila da Paz,PF,BRL,USD,3707.73,5.50721,5.576519,15.71,0.0126,664.8825,46.6623,30.9523
OP00611,2024-06-25,Enrico da Mata,PF,BRL,GBP,8279.73,6.975449,7.138781,30.28,0.0234,1159.8241,193.8721,163.5921
OP00612,2024-07-08,Moraes,Corporate,BRL,USD,356180.36,5.355643,5.434239,368.18,0.0147,65543.7422,5227.0757,4858.8957
OP00613,2024-05-03,Pedro Henrique Borges,PF,BRL,USD,13179.51,5.365189,5.463446,25.18,0.0183,2412.3072,241.3669,216.1869
OP00614,2024-05-06,Rael Ferreira,PF,BRL,USD,2010.47,5.534336,5.648329,14.01,0.0206,355.9407,41.4105,27.4005
OP00615,2024-07-15,Oliver Aragão,PF,BRL,USD,6370.49,5.397387,5.495132,18.37,0.0181,1159.297,115.3676,96.9976
OP00616,2024-03-22,Montenegro,PME,BRL,USD,62519.83,5.314673,5.391211,74.52,0.0144,11596.6209,900.3645,825.8445
OP00617,2024-06-09,da Costa,PME,BRL,JPY,37835.68,0.036145,0.036995,57.84,0.0235,1022724.1519,889.7587,831.9187
OP00618,2024-09-20,Anna Liz Freitas,PF,BRL,USD,3928.27,5.456621,5.568725,15.93,0.0205,705.4164,80.7047,64.7747
OP00619,2024-09-11,Arthur Dias,PF,BRL,ARS,8433.54,0.005838,0.006168,16.43,0.0565,1367305.4475,476.716,460.286
OP00620,2024-09-15,Lucas Gabriel Vieira,PF,BRL,JPY,1564.82,0.036091,0.03697,21.56,0.0244,42326.7514,38.1114,16.5514
OP00621,2024-10-25,Davi Miguel Andrade,PF,BRL,USD,6805.85,5.419395,5.532955,18.81,0.021,1230.057,142.6123,123.8023
OP00622,2024-09-10,Ravy Sampaio,PF,BRL,USD,7718.38,5.472086,5.573209,19.72,0.0185,1384.9077,142.634,122.914
OP00623,2024-12-10,Teixeira Santos - ME,PME,BRL,ARS,63938.02,0.005971,0.006303,71.94,0.0556,10144061.558,3555.0867,3483.1467
OP00624,2024-02-25,Alana Barros,PF,BRL,EUR,2800.09,5.867566,6.022711,20.8,0.0264,464.9219,74.0375,53.2375
OP00625,2024-07-06,José Miguel Cunha,PF,BRL,ARS,9715.15,0.005986,0.006292,17.72,0.0511,1544047.9975,496.6315,478.9115
OP00626,2024-07-24,Novaes Siqueira - EI,PME,BRL,USD,58194.17,5.393148,5.456942,70.19,0.0118,10664.2457,688.3621,618.1721
OP00627,2024-07-04,Mariana Camargo,PF,BRL,EUR,3626.4,5.839408,6.02801,21.63,0.0323,601.5916,117.126,95.496
OP00628,2024-09-15,da Costa,PME,BRL,USD,43768.15,5.445542,5.55881,55.77,0.0208,7873.6546,910.3834,854.6134
OP00629,2024-11-15,Davi Aragão,PF,BRL,EUR,6802.58,5.819633,6.009232,24.8,0.0326,1132.0215,221.6226,196.8226
OP00630,2024-02-19,Leão Porto - EI,PME,BRL,USD,85218.68,5.34311,5.417263,97.22,0.0139,15730.9475,1182.6859,1085.4659
OP00631,2024-06-22,Ana Luiza Camargo,PF,BRL,GBP,6232.7,7.153669,7.32047,28.23,0.0233,851.4071,145.3269,117.0969
OP00632,2024-03-14,Peixoto,PME,BRL,USD,16133.58,5.368003,5.462911,28.13,0.0177,2953.2936,285.2468,257.1168
OP00633,2024-09-13,Allana Pires,PF,BRL,EUR,2657.08,5.725067,5.910352,20.66,0.0324,449.5637,85.9932,65.3332
OP00634,2024-12-31,Isabella Silva,PF,BRL,USD,6465.15,5.497107,5.593959,18.47,0.0176,1155.7378,113.9077,95.4377
OP00635,2024-08-21,João Vitor Lima,PF,BRL,EUR,4696.27,5.830248,6.024929,22.7,0.0334,779.4731,156.8157,134.1157
OP00636,2024-03-12,Luiz Gustavo da Costa,PF,BRL,ARS,5255.69,0.005944,0.006344,13.26,0.0673,828450.5044,353.6803,340.4203
OP00637,2024-03-24,Maria Vitória Cirino,PF,BRL,EUR,5214.64,5.98594,6.098313,23.21,0.0188,855.0955,97.8935,74.6835
OP00638,2024-06-02,Antonella Moura,PF,BRL,EUR,6159.26,5.986131,6.104648,24.16,0.0198,1008.946,121.9447,97.7847
OP00639,2024-09-17,Azevedo,PME,BRL,EUR,89760.19,5.908628,6.1159,107.76,0.0351,14676.53,3148.7469,3040.9869
OP00640,2024-06-02,Ísis Montenegro,PF,BRL,GBP,7399.47,7.27088,7.498679,29.4,0.0313,986.7698,231.8278,202.4278
OP00641,2024-06-18,Alícia Gomes,PF,BRL,USD,3377.02,5.202292,5.305227,15.38,0.0198,636.5458,66.8193,51.4393
OP00642,2024-10-25,Aparecida,PME,BRL,JPY,85072.59,0.036166,0.037234,105.07,0.0295,2284809.3141,2512.236,2407.166
OP00643,2024-12-18,Maria Julia Freitas,PF,BRL,ARS,13155.04,0.006158,0.006483,21.16,0.0528,2029159.3398,694.2819,673.1219
OP00644,2024-05-15,Souza,PME,BRL,EUR,27204.21,5.941596,6.106459,45.2,0.0277,4454.9894,754.8422,709.6422
OP00645,2024-10-23,Fogaça S/A,Corporate,BRL,GBP,431371.9,6.783632,7.005484,453.37,0.0327,61576.3165,14107.5929,13654.2229
OP00646,2024-10-25,da Costa,PME,BRL,GBP,64493.44,6.919781,7.164849,86.49,0.0354,9001.3676,2284.072,2197.582
OP00647,2024-11-13,Dra. Bella Vargas,PF,BRL,EUR,5132.53,6.048321,6.230872,23.13,0.0302,823.7258,154.9105,131.7805
OP00648,2024-12-14,Carvalho,PME,BRL,USD,46932.25,5.380089,5.459942,58.93,0.0148,8595.7415,696.5835,637.6535
OP00649,2024-12-24,Luiz Gustavo Nogueira,PF,BRL,EUR,3463.84,5.845667,5.964337,21.46,0.0203,580.7586,70.3177,48.8577
OP00650,2024-06-09,Sr. Ravi Sampaio,PF,BRL,USD,4381.19,5.176672,5.243209,16.38,0.0129,835.5932,56.3125,39.9325
OP00651,2024-04-14,Emilly Carvalho,PF,BRL,USD,2027.1,5.482086,5.553265,14.03,0.013,365.0285,26.3197,12.2897
OP00652,2024-08-29,Raul Andrade,PF,BRL,GBP,4421.49,6.900948,7.047137,26.42,0.0212,627.4165,93.6644,67.2444
OP00653,2024-02-01,Costa,PME,BRL,GBP,41533.38,6.796202,7.069831,63.53,0.0403,5874.7345,1672.2189,1608.6889
OP00654,2024-10-14,Vieira S.A.,PME,BRL,EUR,66693.71,6.169511,6.313691,84.69,0.0234,10563.3472,1558.6161,1473.9261
OP00655,2024-09-26,Levi das Neves,PF,BRL,EUR,4541.96,5.928547,6.042623,22.54,0.0192,751.6537,87.3956,64.8556
OP00656,2024-08-23,Maria Laura Nogueira,PF,BRL,JPY,2937.93,0.036193,0.037182,22.94,0.0273,79014.8459,80.2811,57.3411
OP00657,2024-06-30,da Cunha,Corporate,BRL,USD,953569.57,5.402302,5.491022,965.57,0.0164,173659.7613,15660.119,14694.549
OP00658,2024-12-14,Sá e Filhos,PME,BRL,ARS,39352.36,0.005922,0.006193,47.35,0.0458,6354329.0812,1800.8257,1753.4757
OP00659,2024-11-08,da Paz Fogaça S/A,PME,BRL,EUR,16947.82,5.664656,5.866614,34.95,0.0357,2888.8589,604.2287,569.2787
OP00660,2024-05-22,Luísa da Mata,PF,BRL,JPY,7945.86,0.037103,0.038087,27.95,0.0265,208623.9399,210.7303,182.7803
OP00661,2024-06-01,Freitas - ME,PME,BRL,USD,37419.29,5.415854,5.489462,49.42,0.0136,6816.5678,508.5734,459.1534
OP00662,2024-12-19,Souza,PME,BRL,GBP,54540.5,6.815161,7.070581,76.54,0.0375,7713.7225,2044.08,1967.54
OP00663,2024-06-27,Gomes,PME,BRL,USD,42559.56,5.303751,5.388478,54.56,0.016,7898.2525,679.8856,625.3256
OP00664,2024-05-20,Cirino,PME,BRL,JPY,29345.35,0.035779,0.036816,49.35,0.029,797081.432,850.5304,801.1804
OP00665,2024-10-05,Sara Freitas,PF,BRL,EUR,4621.34,5.858992,5.97092,22.62,0.0191,773.9745,88.2844,65.6644
OP00666,2024-06-25,Juliana Barros,PF,BRL,JPY,6797.75,0.035879,0.03712,26.8,0.0346,183129.0409,235.1238,208.3238
OP00667,2024-05-28,Barros,Corporate,BRL,ARS,259918.64,0.006169,0.006495,267.92,0.0528,40018266.3587,13735.3666,13467.4466
OP00668,2024-02-10,Emilly Nogueira,PF,BRL,JPY,5660.27,0.036546,0.037978,25.66,0.0392,149040.7604,221.7892,196.1292
OP00669,2024-05-11,Lorenzo Caldeira,PF,BRL,USD,3462.45,5.439042,5.555054,15.46,0.0213,623.2973,73.8523,58.3923
OP00670,2024-10-02,Duarte e Filhos,PME,BRL,USD,51781.53,5.319563,5.384492,63.78,0.0122,9616.7902,632.0299,568.2499
OP00671,2024-05-19,Leandro Machado,PF,BRL,EUR,4901.3,5.82565,5.961975,22.9,0.0234,822.0933,114.6944,91.7944
OP00672,2024-10-27,Mariane Cavalcante,PF,BRL,EUR,24935.78,5.793179,5.899627,42.94,0.0184,4226.6706,458.1878,415.2478
OP00673,2024-09-28,Sra. Marcela Machado,PF,BRL,USD,5503.32,5.289011,5.366326,17.5,0.0146,1025.5285,80.4478,62.9478
OP00674,2024-02-21,Luiz Gustavo Pimenta,PF,BRL,USD,8353.78,5.539031,5.653397,20.35,0.0206,1477.6567,172.4829,152.1329
OP00675,2024-02-21,Kamilly Porto,PF,BRL,GBP,3392.96,7.144993,7.410438,25.39,0.0372,457.8623,126.0525,100.6625
OP00676,2024-10-08,Barbosa e Filhos,PME,BRL,USD,28380.79,5.281785,5.387251,40.38,0.02,5268.1395,566.7039,526.3239
OP00677,2024-11-30,Fonseca,Corporate,BRL,USD,1152959.37,5.372995,5.482438,1164.96,0.0204,210300.4849,23484.7292,22319.7692
OP00678,2024-09-01,Alves Casa Grande - EI,Corporate,BRL,ARS,167842.05,0.005917,0.006227,175.84,0.0524,26953918.4198,8793.4824,8617.6424
OP00679,2024-05-27,Andrade,PME,BRL,GBP,109358.03,6.670576,6.923618,131.36,0.0379,15794.9254,4148.3936,4017.0336
OP00680,2024-02-15,Bernardo da Costa,PF,BRL,EUR,2765.9,6.023397,6.148908,20.77,0.0208,449.8197,57.6337,36.8637
OP00681,2024-01-20,Fonseca,PME,BRL,USD,25754.26,5.376789,5.490676,37.75,0.0212,4690.5445,545.5069,507.7569
OP00682,2024-03-31,Nunes,Corporate,BRL,USD,280329.46,5.353543,5.41139,292.33,0.0108,51803.5957,3029.0629,2736.7329
OP00683,2024-07-22,Pereira S.A.,Corporate,BRL,USD,1097503.51,5.550734,5.631704,1109.5,0.0146,194879.4734,16009.569,14900.069
OP00684,2024-05-28,Freitas,PME,BRL,USD,45679.95,5.322915,5.398685,57.68,0.0142,8461.3105,650.2395,592.5595
OP00685,2024-10-17,Macedo,PME,BRL,USD,89204.72,5.574483,5.657404,101.2,0.0149,15767.7832,1326.9293,1225.7293
OP00686,2024-06-20,Oliveira S.A.,PME,BRL,JPY,155532.66,0.035667,0.036478,175.53,0.0227,4263738.6918,3536.518,3360.988
OP00687,2024-10-05,Maria Clara Gonçalves,PF,BRL,JPY,3762.69,0.03599,0.037103,23.76,0.0309,101412.0152,116.3622,92.6022
OP00688,2024-03-09,Dr. Josué Camargo,PF,BRL,ARS,4702.81,0.006049,0.006248,12.7,0.0329,752690.4609,154.713,142.013
OP00689,2024-04-08,Sousa S.A.,PME,BRL,EUR,47418.16,5.806709,5.926911,65.42,0.0207,8000.4846,981.5814,916.1614
OP00690,2024-08-22,Moreira,PME,BRL,USD,16941.3,5.361661,5.47587,28.94,0.0213,3093.8098,360.8674,331.9274
OP00691,2024-01-08,Novais,PME,BRL,GBP,75959.15,6.853933,7.097046,97.96,0.0355,10702.9249,2694.3153,2596.3553
OP00692,2024-10-17,da Luz Ltda.,PME,BRL,GBP,19850.38,6.694894,6.890179,41.85,0.0292,2880.9672,579.0206,537.1706
OP00693,2024-11-08,Cunha,PME,BRL,USD,24426.49,5.415438,5.508283,36.43,0.0171,4434.5016,418.7801,382.3501
OP00694,2024-08-06,Sales,PME,BRL,ARS,128472.1,0.00603,0.006401,136.47,0.0615,20070629.5891,7904.3365,7767.8665
OP00695,2024-12-08,Gabriela Campos,PF,BRL,USD,1696.9,5.341391,5.414098,13.7,0.0136,313.4225,23.0982,9.3982
OP00696,2024-09-01,Brayan Machado,PF,BRL,JPY,2345.66,0.035377,0.036836,22.35,0.0412,63678.4667,96.7385,74.3885
OP00697,2024-05-13,Pedro Miguel Borges,PF,BRL,USD,1524.79,5.480774,5.576499,13.52,0.0175,273.4314,26.6314,13.1114
OP00698,2024-05-16,Luiza Rios,PF,BRL,USD,4510.1,5.280318,5.375442,16.51,0.018,839.0194,81.2487,64.7387
OP00699,2024-10-20,Santos,Corporate,BRL,USD,109555.97,5.369112,5.489521,121.56,0.0224,19957.2914,2456.9286,2335.3686
OP00700,2024-12-20,Yan Nogueira,PF,BRL,EUR,5956.93,5.955237,6.127269,23.96,0.0289,972.1998,172.0809,148.1209
OP00701,2024-08-26,Kaique Castro,PF,BRL,EUR,2390.99,5.908114,6.058196,20.39,0.0254,394.6703,60.7376,40.3476
OP00702,2024-09-14,Dra. Emanuella Vieira,PF,BRL,USD,4910.38,5.338688,5.429533,16.91,0.017,904.3835,83.5568,66.6468
OP00703,2024-06-08,Moraes,Corporate,BRL,ARS,582222.04,0.006056,0.006363,590.22,0.0507,91501184.9756,29514.8888,28924.6688
OP00704,2024-05-31,Campos Costa S.A.,PME,BRL,EUR,40244.17,5.882774,6.079166,58.24,0.0334,6620.015,1343.5214,1285.2814
OP00705,2024-03-09,Thales Alves,PF,BRL,USD,7260.01,5.360082,5.477085,19.26,0.0218,1325.5244,158.4757,139.2157
OP00706,2024-11-06,Dr. Ravi Lucca Novaes,PF,BRL,EUR,4639.78,5.712807,5.924865,22.64,0.0371,783.1031,172.2275,149.5875
OP00707,2024-08-29,Caio Azevedo,PF,BRL,GBP,9826.36,6.892908,7.135053,31.83,0.0351,1377.1951,345.196,313.366
OP00708,2024-04-21,Gonçalves,PME,BRL,ARS,20972.02,0.005899,0.006128,28.97,0.0388,3422327.0235,814.1367,785.1667
OP00709,2024-11-01,Moura,PME,BRL,EUR,34974.74,6.010809,6.177462,52.97,0.0277,5661.6682,969.694,916.724
OP00710,2024-08-16,Vargas,PME,BRL,USD,255083.5,5.37087,5.483051,267.08,0.0209,46522.1826,5327.9119,5060.8319
OP00711,2024-10-15,Ana Sophia Cardoso,PF,BRL,USD,4838.0,5.43084,5.541793,16.84,0.0204,873.0027,98.8412,82.0012
OP00712,2024-09-15,Sr. Rael Martins,PF,BRL,ARS,6412.55,0.006179,0.006586,14.41,0.0659,973663.8324,422.3835,407.9735
OP00713,2024-03-25,Stella Ferreira,PF,BRL,EUR,4441.69,5.832301,6.033978,22.44,0.0346,736.1131,153.5906,131.1506
OP00714,2024-02-29,Yuri Porto,PF,BRL,EUR,10063.57,5.826079,6.0321,28.06,0.0354,1668.3361,355.8666,327.8066
OP00715,2024-09-07,Vargas Cardoso - ME,PME,BRL,GBP,71389.95,6.494226,6.728266,93.39,0.036,10610.453,2572.7629,2479.3729
OP00716,2024-01-29,Ana Laura Campos,PF,BRL,EUR,16178.39,5.821755,6.007784,34.18,0.032,2692.9047,516.9661,482.7861
OP00717,2024-08-21,Daniela da Rosa,PF,BRL,EUR,3144.68,5.897625,6.036148,21.14,0.0235,520.9746,73.862,52.722
OP00718,2024-12-10,Castro Duarte e Filhos,PME,BRL,EUR,99410.38,5.787808,5.921363,117.41,0.0231,16788.4286,2293.9174,2176.5074
OP00719,2024-07-21,Ferreira Moreira Ltda.,PME,BRL,GBP,88579.29,6.970806,7.166483,110.58,0.0281,12360.2177,2486.503,2375.923
OP00720,2024-04-21,José Costa,PF,BRL,USD,6810.49,5.477291,5.544192,18.81,0.0122,1228.4008,83.185,64.375
OP00721,2024-06-25,Cardoso,PME,BRL,USD,80823.58,5.481463,5.582336,92.82,0.0184,14478.4513,1487.3615,1394.5415
OP00722,2024-01-31,Pimenta,PME,BRL,EUR,71003.2,5.90261,6.078343,89.0,0.0298,11681.3414,2113.9132,2024.9132
OP00723,2024-08-29,Montenegro e Filhos,Corporate,BRL,USD,492106.59,5.304758,5.365401,504.11,0.0114,91718.5109,5625.6704,5121.5604
OP00724,2024-03-10,Eduardo Cavalcante,PF,BRL,USD,1868.77,5.223684,5.28267,13.87,0.0113,353.7548,21.1022,7.2322
OP00725,2024-11-26,Nunes,PME,BRL,JPY,31080.2,0.035778,0.037127,51.08,0.0377,837132.0064,1171.8707,1120.7907
OP00726,2024-07-14,Alves S/A,Corporate,BRL,USD,509139.77,5.46573,5.542768,521.14,0.0141,91856.5904,7176.1887,6655.0487
OP00727,2024-07-12,João Rezende,PF,BRL,JPY,5003.62,0.035412,0.036736,25.0,0.0374,136204.8127,187.0776,162.0776
OP00728,2024-12-04,Oliver Pinto,PF,BRL,EUR,4490.26,5.859654,5.970742,22.49,0.019,752.0439,85.1269,62.6369
OP00729,2024-06-27,Monteiro e Filhos,PME,BRL,USD,19058.0,5.317626,5.38829,31.06,0.0133,3536.9292,253.2548,222.1948
OP00730,2024-07-20,Lavínia Ramos,PF,BRL,JPY,8441.75,0.035546,0.036983,28.44,0.0404,228260.2818,341.2703,312.8303
OP00731,2024-04-24,Rodrigo da Cruz,PF,BRL,GBP,8224.54,6.873252,7.070624,30.22,0.0287,1163.1986,236.1755,205.9555
OP00732,2024-06-01,da Rosa,PME,BRL,GBP,19836.97,6.881713,7.132011,41.84,0.0364,2781.3992,721.4997,679.6597
OP00733,2024-08-05,Ana Sophia Sales,PF,BRL,GBP,5183.07,6.938278,7.143565,27.18,0.0296,725.5579,153.3546,126.1746
OP00734,2024-05-06,Emanuel Macedo,PF,BRL,ARS,2994.07,0.00604,0.006423,10.99,0.0634,466148.2173,189.8558,178.8658
OP00735,2024-04-06,Rafaela Martins,PF,BRL,USD,816.87,5.419856,5.514868,12.82,0.0175,148.1214,14.32,1.5
OP00736,2024-02-27,Fernandes Pereira S.A.,Corporate,BRL,GBP,338749.12,6.926095,7.185012,360.75,0.0374,47146.6325,12663.3992,12302.6492
OP00737,2024-11-10,Dr. Luiz Felipe Guerra,PF,BRL,EUR,8114.98,5.736095,5.930839,26.11,0.034,1368.2685,275.5086,249.3986
OP00738,2024-01-09,Teixeira Freitas - EI,PME,BRL,ARS,57625.9,0.006164,0.006474,65.63,0.0503,8901127.5873,2898.1228,2832.4928
OP00739,2024-10-31,Bianca Dias,PF,BRL,USD,6327.39,5.345032,5.418563,18.33,0.0138,1167.7247,87.0452,68.7152
OP00740,2024-12-26,Ravi Lucca Campos,PF,BRL,EUR,1664.35,5.846714,5.964681,19.66,0.0202,279.0342,33.581,13.921
OP00741,2024-01-23,Machado,PME,BRL,USD,36509.41,5.416454,5.521987,48.51,0.0195,6611.6436,711.3413,662.8313
OP00742,2024-04-21,Diego Brito,PF,BRL,USD,3433.99,5.401661,5.47628,15.43,0.0138,627.0662,47.4374,32.0074
OP00743,2024-03-12,da Rocha - ME,PME,BRL,GBP,41070.34,6.921416,7.206192,63.07,0.0411,5699.3125,1689.8055,1626.7355
OP00744,2024-10-21,Mariah da Cruz,PF,BRL,USD,2987.29,5.521563,5.586291,14.99,0.0117,534.7537,35.0193,20.0293
OP00745,2024-12-10,Luan Oliveira,PF,BRL,EUR,2229.81,5.754147,5.951826,20.23,0.0344,374.643,76.6033,56.3733
OP00746,2024-03-14,Correia,PME,BRL,USD,92617.3,5.328318,5.441291,104.62,0.0212,17021.1996,1963.7068,1859.0868
OP00747,2024-07-30,Monteiro Moraes - ME,Corporate,BRL,EUR,833094.33,5.833928,5.980047,851.09,0.025,139312.3382,20866.0289,20014.9389
OP00748,2024-10-29,Lorena Monteiro,PF,BRL,USD,4807.17,5.614023,5.699085,16.81,0.0152,843.4986,72.8368,56.0268
OP00749,2024-11-16,Borges - ME,PME,BRL,JPY,117409.98,0.036667,0.037389,137.41,0.0197,3140227.8745,2311.8882,2174.4782
OP00750,2024-01-25,da Costa,PME,BRL,EUR,68399.75,5.754481,5.931878,86.4,0.0308,11530.8761,2108.6021,2022.2021
OP00751,2024-12-09,Pacheco Fogaça S/A,Corporate,BRL,JPY,527317.4,0.036142,0.037092,547.32,0.0263,14216472.5547,13860.6477,13313.3277
OP00752,2024-12-22,João Miguel Monteiro,PF,BRL,EUR,5648.67,5.816692,5.99342,23.65,0.0304,942.4786,171.623,147.973
OP00753,2024-07-11,Olivia da Paz,PF,BRL,USD,4598.68,5.35138,5.469012,16.6,0.022,840.8612,101.0864,84.4864
OP00754,2024-05-03,Alexia Caldeira,PF,BRL,EUR,913.86,5.851976,6.007955,18.91,0.0267,152.1083,24.3581,5.4481
OP00755,2024-12-28,Carvalho,PME,BRL,USD,35934.61,5.268163,5.346858,47.93,0.0149,6720.6965,536.7856,488.8556
OP00756,2024-01-30,Luiz Otávio Teixeira,PF,BRL,EUR,10490.93,5.812549,6.013122,28.49,0.0345,1744.6727,362.0094,333.5194
OP00757,2024-10-12,Fonseca,PME,BRL,JPY,72627.77,0.03518,0.036242,92.63,0.0302,2003966.9444,2192.4585,2099.8285
OP00758,2024-05-10,Murilo Aragão,PF,BRL,USD,4244.51,5.439434,5.540791,16.24,0.0186,766.0477,79.0911,62.8511
OP00759,2024-08-18,Evelyn Fonseca,PF,BRL,EUR,1968.32,5.945693,6.065986,19.97,0.0202,324.4848,39.823,19.853
OP00760,2024-04-07,Barbosa,PME,BRL,USD,107423.41,5.487487,5.56589,119.42,0.0143,19300.3114,1534.8223,1415.4023
OP00761,2024-11-05,Sofia Machado,PF,BRL,USD,2449.27,5.577409,5.683706,14.45,0.0191,430.9283,46.6794,32.2294
OP00762,2024-04-06,Pinto,PME,BRL,ARS,56114.76,0.005982,0.006232,64.11,0.0418,9004293.9666,2345.1505,2281.0405
OP00763,2024-12-09,Cardoso S/A,PME,BRL,EUR,36073.36,5.830953,5.945999,54.07,0.0197,6066.8291,711.7354,657.6654
OP00764,2024-06-19,Freitas,PME,BRL,EUR,17561.59,5.863925,6.064528,35.56,0.0342,2895.7884,600.7764,565.2164
OP00765,2024-04-18,Dr. Diego Costa,PF,BRL,JPY,4359.15,0.035284,0.036365,24.36,0.0306,119872.1298,133.5518,109.1918
OP00766,2024-03-01,Montenegro,Corporate,BRL,JPY,797910.09,0.034265,0.035393,817.91,0.0329,22544290.9615,26267.1117,25449.2017
OP00767,2024-05-04,Aparecida S/A,PME,BRL,GBP,49425.51,6.863721,7.166576,71.43,0.0441,6896.67,2180.8525,2109.4225
OP00768,2024-07-22,Silva Farias - ME,PME,BRL,GBP,167799.16,6.929852,7.127247,189.8,0.0285,23543.3345,4779.7147,4589.9147
OP00769,2024-05-24,Cassiano,Corporate,BRL,EUR,768036.22,5.934028,6.099741,786.04,0.0279,125912.9232,21448.0933,20662.0533
OP00770,2024-07-02,Sophie Carvalho,PF,BRL,EUR,4335.43,5.872491,6.006452,22.34,0.0228,721.7955,98.8982,76.5582
OP00771,2024-09-11,Dr. Enrico Gonçalves,PF,BRL,USD,5315.1,5.567294,5.649006,17.32,0.0147,940.8912,78.0105,60.6905
OP00772,2024-08-28,Letícia Pastor,PF,BRL,ARS,9048.87,0.005838,0.006227,17.05,0.0666,1453166.854,602.948,585.898
OP00773,2024-04-14,Montenegro,PME,BRL,USD,55480.3,5.426347,5.534139,67.48,0.0199,10025.1006,1102.0918,1034.6118
OP00774,2024-10-15,Yasmin Mendonça,PF,BRL,USD,1278.06,5.298881,5.373781,13.28,0.0141,237.8325,18.0655,4.7855
OP00775,2024-01-09,Melo,PME,BRL,GBP,46996.36,6.67324,6.933087,69.0,0.0389,6778.562,1829.9751,1760.9751
OP00776,2024-10-23,Léo Farias,PF,BRL,JPY,3295.02,0.03597,0.037447,23.3,0.0411,87991.5614,135.3001,112.0001
OP00777,2024-04-10,Leão - EI,PME,BRL,USD,50630.54,5.424916,5.544553,62.63,0.0221,9131.5819,1116.5677,1053.9377
OP00778,2024-05-05,Apollo Peixoto,PF,BRL,USD,4419.39,5.329798,5.400176,16.42,0.0132,818.3789,58.3564,41.9364
OP00779,2024-12-16,Julia Rezende,PF,BRL,EUR,3992.11,5.812827,5.986911,21.99,0.0299,666.8063,119.5567,97.5667
OP00780,2024-09-07,Heloísa Silveira,PF,BRL,GBP,6330.63,7.094993,7.269013,28.33,0.0245,870.9064,155.2723,126.9423
OP00781,2024-09-08,Pacheco - ME,Corporate,BRL,EUR,674209.67,5.983397,6.134557,692.21,0.0253,109903.5627,17032.7213,16340.5113
OP00782,2024-06-29,Vinicius Pires,PF,BRL,GBP,2477.94,7.017102,7.222595,24.48,0.0293,343.0817,72.5655,48.0855
OP00783,2024-09-07,Dra. Maria Helena Casa Grande,PF,BRL,GBP,4345.0,6.964357,7.189164,26.34,0.0323,604.3818,140.2551,113.9151
OP00784,2024-11-24,Isabelly Andrade,PF,BRL,ARS,6095.05,0.006074,0.006279,14.1,0.0338,970703.9337,205.7104,191.6104
OP00785,2024-02-08,Correia S/A,Corporate,BRL,EUR,302936.24,6.094476,6.217496,320.94,0.0202,48723.1902,6114.9172,5793.9772
OP00786,2024-01-04,Dias,Corporate,BRL,EUR,511488.57,5.918395,6.050599,529.49,0.0223,84535.1956,11425.536,10896.046
OP00787,2024-04-28,Clarice Jesus,PF,BRL,ARS,16837.38,0.006001,0.006207,24.84,0.0343,2712643.7893,577.987,553.147
OP00788,2024-04-21,Srta. Maria Sophia Montenegro,PF,BRL,USD,8284.24,5.333295,5.418713,20.28,0.016,1528.8206,132.6803,112.4003
OP00789,2024-11-12,Olivia Sousa,PF,BRL,USD,1326.2,5.565611,5.626982,13.33,0.011,235.6858,14.6238,1.2938
OP00790,2024-09-04,Santos S.A.,PME,BRL,JPY,44326.09,0.035113,0.035966,64.33,0.0243,1232444.2529,1076.8136,1012.4836
OP00791,2024-09-29,Novais Duarte e Filhos,PME,BRL,USD,38647.28,5.463564,5.583913,50.65,0.022,6921.1823,851.3054,800.6554
OP00792,2024-09-28,Moura,PME,BRL,USD,51459.75,5.435839,5.509845,63.46,0.0136,9339.6003,700.5966,637.1366
OP00793,2024-05-26,Dias,PME,BRL,EUR,168444.91,5.690509,5.79841,186.44,0.019,29050.1896,3193.9804,3007.5404
OP00794,2024-12-11,Raul Nascimento,PF,BRL,ARS,5512.87,0.006005,0.006235,13.51,0.0383,884181.235,211.1507,197.6407
OP00795,2024-04-01,Dr. João Pimenta,PF,BRL,JPY,6455.74,0.036014,0.037331,26.46,0.0366,172932.4154,236.0807,209.6207
OP00796,2024-03-17,Evelyn da Cruz,PF,BRL,USD,4751.71,5.265721,5.366401,16.75,0.0191,885.4556,90.8522,74.1022
OP00797,2024-05-09,Kaique Câmara,PF,BRL,EUR,7700.56,5.698687,5.874389,25.7,0.0308,1310.8699,237.4238,211.7238
OP00798,2024-07-22,Vargas,PME,BRL,USD,57473.07,5.270062,5.374196,69.47,0.0198,10694.2638,1135.6414,1066.1714
OP00799,2024-08-23,Gustavo Henrique Sales,PF,BRL,JPY,4143.76,0.035999,0.036712,24.14,0.0198,112872.0854,82.0717,57.9317
OP00800,2024-04-25,Dias,PME,BRL,JPY,72465.89,0.035851,0.036737,92.47,0.0247,1972558.7283,1790.8783,1698.4083
OP00801,2024-02-11,Marcela Novais,PF,BRL,ARS,2361.26,0.006073,0.006335,10.36,0.0431,372732.4388,101.8689,91.5089
OP00802,2024-01-17,da Paz,PME,BRL,ARS,66271.91,0.006086,0.006299,74.27,0.035,10521020.797,2319.408,2245.138
OP00803,2024-10-09,Yago Garcia,PF,BRL,USD,3847.43,5.392858,5.480603,15.85,0.0163,702.0085,62.6,46.75
OP00804,2024-12-25,Manuella Vargas,PF,BRL,EUR,3101.03,5.889662,6.02676,21.1,0.0233,514.5435,72.185,51.085
OP00805,2024-08-10,João Vitor Aparecida,PF,BRL,EUR,7814.28,5.828797,6.046591,25.81,0.0374,1292.3447,291.9819,266.1719
OP00806,2024-02-18,Silva,PME,BRL,USD,22321.59,5.226848,5.329039,34.32,0.0196,4188.6708,436.4132,402.0932
OP00807,2024-04-27,Ferreira - ME,PME,BRL,JPY,16315.23,0.036725,0.038093,36.32,0.0372,428299.9501,607.7395,571.4195
OP00808,2024-10-17,Jade Souza,PF,BRL,ARS,6381.0,0.00581,0.006068,14.38,0.0444,1051582.0699,283.3559,268.9759
OP00809,2024-02-08,Hadassa Costa,PF,BRL,USD,2417.5,5.478923,5.549048,14.42,0.0128,435.6603,30.9417,16.5217
OP00810,2024-10-05,Novais,PME,BRL,USD,20010.57,5.403518,5.462779,32.01,0.011,3663.0751,219.4582,187.4482
OP00811,2024-06-10,Carvalho,PME,BRL,USD,39165.69,5.474122,5.594035,51.17,0.0219,7001.3309,857.9413,806.7713
OP00812,2024-03-14,Isaque da Cruz,PF,BRL,USD,1984.35,5.614206,5.712236,13.98,0.0175,347.3859,34.6489,20.6689
OP00813,2024-07-22,Rios - EI,PME,BRL,GBP,131940.43,6.914401,7.106482,153.94,0.0278,18566.209,3665.2849,3511.3449
OP00814,2024-10-15,Porto da Conceição S/A,Corporate,BRL,USD,798050.94,5.368618,5.485962,810.05,0.0219,145471.467,17443.314,16633.264
OP00815,2024-07-18,Noah Farias,PF,BRL,ARS,4463.64,0.006111,0.006475,12.46,0.0596,689365.251,265.8755,253.4155
OP00816,2024-07-15,Brito,PME,BRL,EUR,40265.22,5.443843,5.561395,58.27,0.0216,7240.1295,869.4698,811.1998
OP00817,2024-12-18,Abreu Novaes S.A.,PME,BRL,USD,23584.43,5.439272,5.518026,35.58,0.0145,4274.0701,341.4737,305.8937
OP00818,2024-06-26,Rezende,PME,BRL,EUR,40136.42,5.901934,6.013617,58.14,0.0189,6674.2561,759.5063,701.3663
OP00819,2024-02-08,Pietra Rezende,PF,BRL,USD,1048.03,5.421486,5.531166,13.05,0.0202,189.4772,21.2023,8.1523
OP00820,2024-10-31,João Pedro Duarte,PF,BRL,GBP,3752.03,7.032166,7.296905,25.75,0.0376,514.1947,141.2522,115.5022
OP00821,2024-01-16,Bento Vargas,PF,BRL,GBP,7520.01,7.064566,7.238625,29.52,0.0246,1038.8727,185.2804,155.7604
OP00822,2024-08-18,Rezende - EI,PME,BRL,GBP,53394.37,7.045249,7.240961,75.39,0.0278,7373.9342,1483.2576,1407.8676
OP00823,2024-07-11,Vitor Sousa,PF,BRL,USD,3694.81,5.391196,5.456076,15.69,0.012,677.1918,44.465,28.775
OP00824,2024-12-04,Srta. Emanuella Leão,PF,BRL,EUR,7565.36,5.550671,5.653873,25.57,0.0186,1338.0845,140.6605,115.0905
OP00825,2024-05-31,Arthur Miguel Gonçalves,PF,BRL,GBP,2604.11,6.750156,6.929238,24.6,0.0265,375.8148,69.0872,44.4872
OP00826,2024-02-12,Cirino,PME,BRL,GBP,103798.05,7.013237,7.30332,125.8,0.0414,14212.4472,4293.317,4167.517
OP00827,2024-11-20,Sra. Ana Carolina Albuquerque,PF,BRL,USD,1775.27,5.326823,5.403548,13.78,0.0144,328.5378,25.5701,11.7901
OP00828,2024-07-03,Cauê Farias,PF,BRL,USD,8394.66,5.462601,5.531863,20.39,0.0127,1517.5105,106.4385,86.0485
OP00829,2024-06-06,Rafael Ramos,PF,BRL,USD,8000.25,5.372834,5.48126,20.0,0.0202,1459.564,161.4483,141.4483
OP00830,2024-02-22,Valentina Monteiro,PF,BRL,GBP,12004.45,6.662626,6.908239,34.0,0.0369,1737.7004,442.5356,408.5356
OP00831,2024-08-17,Thiago Martins,PF,BRL,USD,5262.62,5.312707,5.413711,17.26,0.019,972.091,100.0518,82.7918
OP00832,2024-02-22,Correia,PME,BRL,EUR,66700.06,5.783382,5.952115,84.7,0.0292,11206.1108,1946.0069,1861.3069
OP00833,2024-02-17,Lucas Castro,PF,BRL,USD,7386.9,5.237667,5.311302,19.39,0.0141,1390.7889,103.8505,84.4605
OP00834,2024-07-16,Ramos,PME,BRL,GBP,89501.83,7.010864,7.175342,111.5,0.0235,12473.5281,2099.7529,1988.2529
OP00835,2024-02-13,Francisco Albuquerque,PF,BRL,USD,16557.49,5.735871,5.821515,28.56,0.0149,2844.1892,247.2248,218.6648
OP00836,2024-05-04,Vieira,PME,BRL,EUR,95697.12,5.966477,6.125987,113.7,0.0267,15621.5023,2558.4022,2444.7022
OP00837,2024-07-13,Nunes,PME,BRL,USD,57401.21,5.453756,5.558729,69.4,0.0192,10326.3192,1104.8491,1035.4491
OP00838,2024-05-17,Evelyn Cavalcanti,PF,BRL,USD,3880.09,5.473073,5.583546,15.88,0.0202,694.915,78.3189,62.4389
OP00839,2024-08-10,Maria Luiza Lima,PF,BRL,USD,3576.76,5.281183,5.357904,15.58,0.0145,667.567,51.9604,36.3804
OP00840,2024-02-09,Lunna Borges,PF,BRL,USD,9434.4,5.501256,5.596124,21.43,0.0172,1685.8812,162.6942,141.2642
OP00841,2024-11-16,Aylla Cirino,PF,BRL,JPY,4983.24,0.036481,0.037507,24.98,0.0281,132861.5992,140.1498,115.1698
OP00842,2024-08-22,Rhavi Duarte,PF,BRL,EUR,6566.28,5.787436,5.973727,24.57,0.0322,1099.1932,211.3611,186.7911
OP00843,2024-07-21,André da Luz,PF,BRL,USD,4191.5,5.392267,5.503175,16.19,0.0206,761.6512,86.2107,70.0207
OP00844,2024-06-17,Isabela Machado,PF,BRL,EUR,4822.37,5.903211,6.034259,22.82,0.0222,799.1652,107.0539,84.2339
OP00845,2024-11-29,Lucas da Rosa,PF,BRL,USD,8530.67,5.462122,5.55529,20.53,0.0171,1535.594,145.5086,124.9786
OP00846,2024-06-13,da Luz e Filhos,Corporate,BRL,USD,1489419.92,5.404313,5.517002,1501.42,0.0209,269969.0738,31056.9061,29555.4861
OP00847,2024-09-02,Sales,PME,BRL,EUR,67170.51,5.788454,5.953738,85.17,0.0286,11282.0735,1917.9924,1832.8224
OP00848,2024-06-12,Bento Rios,PF,BRL,JPY,2750.01,0.035798,0.037194,22.75,0.039,73936.9253,107.241,84.491
OP00849,2024-09-08,Ravi Lucca das Neves,PF,BRL,EUR,3751.42,5.749055,5.883013,21.75,0.0233,637.6698,87.4114,65.6614
OP00850,2024-06-15,Guerra Rodrigues - EI,Corporate,BRL,GBP,626752.99,7.01176,7.293074,648.75,0.0401,85938.1092,25145.5256,24496.7756
OP00851,2024-07-20,Sra. Bárbara Porto,PF,BRL,ARS,7535.16,0.005836,0.00614,15.54,0.0521,1227224.7557,392.51,376.97
OP00852,2024-04-12,Léo Pimenta,PF,BRL,JPY,5213.68,0.035539,0.036465,25.21,0.0261,142977.6498,135.847,110.637
OP00853,2024-12-15,Câmara Carvalho - ME,PME,BRL,EUR,26961.24,5.691738,5.862068,44.96,0.0299,4599.2711,806.8376,761.8776
OP00854,2024-08-24,Marques Souza - EI,PME,BRL,USD,103821.4,5.306208,5.387681,115.82,0.0154,19270.1461,1594.1028,1478.2828
OP00855,2024-05-29,Leão,Corporate,BRL,USD,362537.25,5.215605,5.313269,374.54,0.0187,68232.429,6788.6349,6414.0949
OP00856,2024-07-28,Sá,PME,BRL,USD,38577.93,5.382361,5.463027,50.58,0.015,7061.64,578.1714,527.5914
OP00857,2024-06-04,Teixeira da Cruz e Filhos,PME,BRL,USD,55038.56,5.454193,5.555411,67.04,0.0186,9907.1986,1021.3964,954.3564
OP00858,2024-08-04,Anna Liz Moura,PF,BRL,EUR,2455.08,5.910953,6.06385,20.46,0.0259,404.8715,63.5049,43.0449
OP00859,2024-11-02,Moura,PME,BRL,USD,39014.91,5.42811,5.503204,51.01,0.0138,7089.49,539.7432,488.7332
OP00860,2024-09-16,Sra. Ana Vitória Nunes,PF,BRL,USD,3688.4,5.219807,5.336023,15.69,0.0223,691.2264,82.1201,66.4301
OP00861,2024-08-02,Araújo - EI,Corporate,BRL,ARS,509936.54,0.005909,0.006133,517.94,0.0379,83146345.9971,19330.8149,18812.8749
OP00862,2024-07-03,Gabriela Oliveira,PF,BRL,GBP,12398.76,6.815356,7.073721,34.4,0.0379,1752.7918,470.0276,435.6276
OP00863,2024-10-31,Cavalcante Duarte - EI,PME,BRL,ARS,16515.68,0.005888,0.006158,24.52,0.0459,2681987.6583,757.3427,732.8227
OP00864,2024-05-07,Camargo,PME,BRL,USD,30414.33,5.328419,5.415253,42.41,0.0163,5616.419,495.6438,453.2338
OP00865,2024-11-27,Silva Pacheco - ME,PME,BRL,USD,28757.74,5.291573,5.388838,40.76,0.0184,5336.5382,528.5993,487.8393
OP00866,2024-11-26,Moraes - ME,PME,BRL,EUR,52697.6,5.896324,6.008588,70.7,0.019,8770.38,1003.3443,932.6443
OP00867,2024-06-18,Marques S.A.,PME,BRL,USD,36017.86,5.370661,5.46566,48.02,0.0177,6589.8464,637.1023,589.0823
OP00868,2024-01-06,Marques,Corporate,BRL,USD,1228756.11,5.534758,5.610633,1240.76,0.0137,219004.8984,16844.7961,15604.0361
OP00869,2024-09-22,Ana Laura Novais,PF,BRL,USD,8135.81,5.275988,5.376124,20.14,0.019,1513.3226,154.4142,134.2742
OP00870,2024-04-23,Rocha,PME,BRL,EUR,19434.22,5.958349,6.094926,37.43,0.0229,3188.59,445.4703,408.0403
OP00871,2024-12-13,Antônio Gonçalves,PF,BRL,USD,9207.65,5.429321,5.54801,21.21,0.0219,1659.6311,201.2861,180.0761
OP00872,2024-06-25,Abreu,PME,BRL,EUR,43951.06,5.882385,6.054455,61.95,0.0293,7259.2925,1285.645,1223.695
OP00873,2024-05-31,Pacheco Barbosa S/A,Corporate,BRL,EUR,937295.61,5.986842,6.140483,955.3,0.0257,152642.0006,24053.9227,23098.6227
OP00874,2024-02-29,Manuella Sampaio,PF,BRL,JPY,5133.08,0.035816,0.036721,25.13,0.0253,139785.9535,129.7029,104.5729
OP00875,2024-06-27,Nogueira S/A,PME,BRL,GBP,70474.96,6.891418,7.102136,92.47,0.0306,9923.0654,2154.9038,2062.4338
OP00876,2024-04-15,Ravy Andrade,PF,BRL,EUR,3967.78,5.899193,6.081768,21.97,0.0309,652.4057,122.7994,100.8294
OP00877,2024-02-19,Nicolas Cirino,PF,BRL,USD,4929.84,5.38117,5.443653,16.93,0.0116,905.6125,57.2424,40.3124
OP00878,2024-06-12,Otto Freitas,PF,BRL,EUR,6045.79,5.87219,6.025926,24.05,0.0262,1003.2964,158.2809,134.2309
OP00879,2024-12-29,Melissa Garcia,PF,BRL,USD,3847.33,5.22649,5.326741,15.85,0.0192,722.2671,73.7969,57.9469
OP00880,2024-11-27,Anna Liz Rodrigues,PF,BRL,ARS,5047.65,0.00599,0.006311,13.05,0.0536,799817.7785,270.5001,257.4501
OP00881,2024-05-04,Ágatha Carvalho,PF,BRL,ARS,2302.7,0.006083,0.006431,10.3,0.0572,358062.5097,131.7343,121.4343
OP00882,2024-06-18,Marcela Campos,PF,BRL,EUR,6202.47,5.916449,6.021613,24.2,0.0178,1030.0346,110.248,86.048
OP00883,2024-04-28,Nascimento Gonçalves - EI,PME,BRL,JPY,31242.01,0.035503,0.036414,51.24,0.0257,857966.9907,801.6638,750.4238
OP00884,2024-04-05,Siqueira Câmara S/A,PME,BRL,EUR,139077.52,5.814806,5.987126,157.08,0.0296,23229.4293,4121.5198,3964.4398
OP00885,2024-01-15,da Rosa - ME,PME,BRL,USD,35303.82,5.425856,5.544779,47.3,0.0219,6367.0383,773.7832,726.4832
OP00886,2024-08-18,Nascimento,PME,BRL,ARS,63863.57,0.006054,0.006424,71.86,0.0611,9941402.5529,3903.1254,3831.2654
OP00887,2024-12-26,da Conceição,PME,BRL,USD,52331.38,5.48021,5.550923,64.33,0.0129,9427.5096,675.2495,610.9195
OP00888,2024-12-26,Raul Ferreira,PF,BRL,USD,11700.72,5.473585,5.579526,23.7,0.0194,2097.0814,226.4669,202.7669
OP00889,2024-02-22,da Mota Correia e Filhos,PME,BRL,USD,31628.27,5.404097,5.484906,43.63,0.015,5766.4197,472.9465,429.3165
OP00890,2024-07-06,Andrade e Filhos,PME,BRL,EUR,54834.64,5.939677,6.107572,72.83,0.0283,8978.1406,1549.9937,1477.1637
OP00891,2024-05-14,Allana da Costa,PF,BRL,EUR,3120.04,5.688418,5.889827,21.12,0.0354,529.7337,110.4708,89.3508
OP00892,2024-11-23,Azevedo Brito - EI,PME,BRL,EUR,97144.72,5.925019,6.082547,115.14,0.0266,15971.0595,2582.7788,2467.6388
OP00893,2024-07-19,Pietro Peixoto,PF,BRL,USD,2239.55,5.474835,5.578668,14.24,0.019,401.4489,42.4742,28.2342
OP00894,2024-08-22,da Cruz e Filhos,PME,BRL,USD,18968.94,5.180163,5.274918,30.97,0.0183,3596.0635,346.9779,316.0079
OP00895,2024-12-27,Guerra - ME,PME,BRL,ARS,35955.74,0.006103,0.006393,43.96,0.0475,5624235.883,1708.531,1664.571
OP00896,2024-10-29,Nogueira Cunha S/A,PME,BRL,JPY,33042.38,0.036003,0.037105,53.04,0.0306,890510.1738,1011.3797,958.3397
OP00897,2024-03-01,Theodoro da Rocha,PF,BRL,USD,3719.41,5.555912,5.65793,15.72,0.0184,657.38,68.296,52.576
OP00898,2024-07-10,Liam Oliveira,PF,BRL,USD,3286.74,5.346825,5.413262,15.29,0.0124,607.1644,40.8394,25.5494
OP00899,2024-08-02,da Costa,PME,BRL,EUR,80338.27,5.889786,6.088758,98.34,0.0338,13194.5251,2714.0318,2615.6918
OP00900,2024-08-04,Casa Grande,PME,BRL,EUR,32963.74,5.888608,6.025717,50.96,0.0233,5470.5092,767.5202,716.5602
OP00901,2024-12-21,Stephany Câmara,PF,BRL,EUR,2607.38,5.753427,5.913373,20.61,0.0278,440.9294,72.4855,51.8755
OP00902,2024-03-29,da Rosa,Corporate,BRL,JPY,138065.26,0.036384,0.037385,158.07,0.0275,3693065.668,3798.4643,3640.3943
OP00903,2024-03-12,Araújo,PME,BRL,EUR,66762.57,5.91403,6.053932,84.76,0.0237,11027.9683,1579.332,1494.572
OP00904,2024-11-13,Emanuella Pires,PF,BRL,ARS,2514.6,0.005836,0.006126,10.51,0.0497,410479.9216,124.9544,114.4444
OP00905,2024-01-05,Mariane Novais,PF,BRL,USD,4356.02,5.308048,5.39903,16.36,0.0171,806.8153,74.6639,58.3039
OP00906,2024-07-15,Ana Julia Ferreira,PF,BRL,USD,2157.68,5.401548,5.513932,14.16,0.0208,391.3142,44.8924,30.7324
OP00907,2024-09-10,Viana,Corporate,BRL,EUR,869300.62,5.906474,6.111283,887.3,0.0347,142245.1914,30143.2954,29255.9954
OP00908,2024-12-29,Luiza Sampaio,PF,BRL,EUR,3958.23,6.036136,6.215475,21.96,0.0297,636.8347,117.6026,95.6426
OP00909,2024-02-12,Jesus,PME,BRL,EUR,66433.55,5.741613,5.862675,84.43,0.0211,11331.6106,1400.7524,1316.3224
OP00910,2024-04-22,da Rosa Garcia S.A.,PME,BRL,GBP,26837.83,7.002647,7.169459,48.84,0.0238,3743.355,639.3114,590.4714
OP00911,2024-10-02,Olívia da Costa,PF,BRL,USD,8979.35,5.499193,5.590915,20.98,0.0167,1606.0609,149.7681,128.7881
OP00912,2024-10-16,Kaique Santos,PF,BRL,GBP,4224.18,6.958645,7.163943,26.22,0.0295,589.6446,124.6242,98.4042
OP00913,2024-10-08,Martins Araújo - EI,PME,BRL,GBP,43895.54,6.857429,7.086888,65.9,0.0335,6193.9091,1468.8051,1402.9051
OP00914,2024-05-17,Maria Vitória Novais,PF,BRL,EUR,2135.85,5.920184,6.030623,20.14,0.0187,354.1674,39.8435,19.7035
OP00915,2024-07-06,Gomes da Cruz Ltda.,PME,BRL,ARS,21877.36,0.005932,0.006166,29.88,0.0394,3548063.5744,862.9977,833.1177
OP00916,2024-08-13,Lucas Ramos,PF,BRL,GBP,5349.31,6.961415,7.200645,27.35,0.0344,742.8932,183.8298,156.4798
OP00917,2024-02-22,Rael Freitas,PF,BRL,JPY,1930.63,0.034646,0.035745,21.93,0.0317,54011.1904,61.2412,39.3112
OP00918,2024-05-06,Nascimento e Filhos,PME,BRL,EUR,95926.19,5.973461,6.098509,113.93,0.0209,15729.4496,2008.1119,1894.1819
OP00919,2024-08-18,Benjamim da Mata,PF,BRL,JPY,1028.38,0.036002,0.03741,21.03,0.0391,27489.4413,40.2189,19.1889
OP00920,2024-02-14,Ana Cecília Barbosa,PF,BRL,ARS,6950.16,0.006266,0.006489,14.95,0.0356,1071067.9612,247.3485,232.3985
OP00921,2024-05-01,Henrique Mendes,PF,BRL,JPY,2869.63,0.036184,0.037167,22.87,0.0272,77209.0833,77.9584,55.0884
OP00922,2024-12-18,Lucas Gabriel da Rosa,PF,BRL,GBP,6485.26,6.788763,6.964932,28.49,0.026,931.1304,168.2931,139.8031
OP00923,2024-11-19,Heitor Correia,PF,BRL,GBP,8368.78,6.867622,7.045518,30.37,0.0259,1187.8161,216.7814,186.4114
OP00924,2024-04-15,Srta. Pietra da Cruz,PF,BRL,EUR,998.57,5.88037,5.985408,19.0,0.0179,166.8341,17.8369,-1.1631
OP00925,2024-10-18,Gonçalves da Costa - EI,PME,BRL,ARS,240928.18,0.005867,0.006185,248.93,0.0542,38953626.5158,13058.6605,12809.7305
OP00926,2024-10-02,Dr. Mateus Martins,PF,BRL,USD,2589.84,5.49053,5.548838,14.59,0.0106,466.7356,27.5034,12.9134
OP00927,2024-05-29,Maria Alice das Neves,PF,BRL,JPY,5916.94,0.037266,0.038694,25.92,0.0383,152916.2144,226.7319,200.8119
OP00928,2024-09-20,Luiz Miguel Moraes,PF,BRL,USD,6210.88,5.436541,5.525272,18.21,0.0163,1124.0858,101.3692,83.1592
OP00929,2024-02-18,Martins,Corporate,BRL,EUR,965348.95,5.776796,5.930031,983.35,0.0265,162789.8657,25606.7977,24623.4477
OP00930,2024-07-29,Ravy Teixeira,PF,BRL,GBP,6108.46,6.85893,7.14825,28.11,0.0422,854.5392,257.664,229.554
OP00931,2024-12-01,Costela,Corporate,BRL,JPY,309384.54,0.035954,0.036971,329.38,0.0283,8368303.2647,8751.2955,8421.9155
OP00932,2024-05-07,Dr. Noah Aparecida,PF,BRL,ARS,4237.68,0.006113,0.006425,12.24,0.051,659561.0895,216.286,204.046
OP00933,2024-05-06,Hellena Sousa,PF,BRL,USD,3474.39,5.422819,5.504192,15.47,0.015,631.2262,52.1355,36.6655
OP00934,2024-09-07,Almeida da Luz - EI,PME,BRL,EUR,41894.54,6.007503,6.232446,59.89,0.0374,6722.0061,1568.6856,1508.7956
OP00935,2024-11-17,Maria Vitória da Rocha,PF,BRL,EUR,1621.75,5.922506,6.052222,19.62,0.0219,267.9594,35.5199,15.8999
OP00936,2024-11-20,Gael Henrique Farias,PF,BRL,EUR,2355.75,5.677904,5.78507,20.36,0.0189,407.212,44.4629,24.1029
OP00937,2024-07-25,Garcia Nunes S.A.,PME,BRL,GBP,34784.65,6.595632,6.848546,56.78,0.0383,5079.1292,1333.8411,1277.0611
OP00938,2024-07-07,Maitê da Cunha,PF,BRL,USD,10838.19,5.504545,5.562895,22.84,0.0106,1948.3003,114.8884,92.0484
OP00939,2024-10-24,Rebeca Marques,PF,BRL,EUR,7391.65,5.716891,5.872275,25.39,0.0272,1258.737,200.9036,175.5136
OP00940,2024-02-17,Luiz Gustavo Cavalcante,PF,BRL,GBP,5874.13,7.108795,7.269419,27.87,0.0226,808.0605,132.7266,104.8566
OP00941,2024-12-06,Silveira Nogueira - ME,PME,BRL,EUR,65784.96,6.020331,6.21984,83.78,0.0331,10576.6322,2180.0615,2096.2815
OP00942,2024-09-30,Nogueira Ramos S/A,PME,BRL,ARS,78468.83,0.006075,0.00638,86.47,0.0502,12299189.6552,3939.5873,3853.1173
OP00943,2024-04-18,Ana Beatriz Barbosa,PF,BRL,JPY,6393.59,0.03538,0.036565,26.39,0.0335,174855.4629,214.1437,187.7537
OP00944,2024-05-25,Ana Julia Teixeira,PF,BRL,USD,3244.8,5.457114,5.527182,15.24,0.0128,587.0623,41.6624,26.4224
OP00945,2024-10-16,Noah Carvalho,PF,BRL,EUR,5973.8,5.904193,6.114764,23.97,0.0357,976.9469,213.0535,189.0835
OP00946,2024-12-15,Azevedo Santos S.A.,PME,BRL,GBP,69190.78,7.098957,7.359483,91.19,0.0367,9401.5816,2539.2459,2448.0559
OP00947,2024-11-16,Cunha - EI,PME,BRL,USD,56058.98,5.501662,5.60118,68.06,0.0181,10008.4232,1014.035,945.975
OP00948,2024-03-04,Freitas,PME,BRL,EUR,47303.48,5.707597,5.889258,65.3,0.0318,8032.163,1505.5719,1440.2719
OP00949,2024-08-21,Pinto e Filhos,Corporate,BRL,USD,300674.34,5.329574,5.405605,312.67,0.0143,55622.699,4289.3805,3976.7105
OP00950,2024-04-13,Rafaela Ribeiro,PF,BRL,JPY,3172.71,0.035505,0.036539,23.17,0.0291,86830.7835,92.3978,69.2278
OP00951,2024-11-28,Almeida,Corporate,BRL,JPY,504707.52,0.03665,0.037523,524.71,0.0238,13450617.4879,12022.0918,11497.3818
OP00952,2024-05-20,Vitor Novaes,PF,BRL,ARS,5713.3,0.005942,0.006211,13.71,0.0453,919867.9762,258.6465,244.9365
OP00953,2024-02-12,Alice Almeida,PF,BRL,USD,6793.14,5.511303,5.621832,18.79,0.0201,1208.3499,136.2362,117.4462
OP00954,2024-03-25,Kamilly Nascimento,PF,BRL,JPY,8718.1,0.035209,0.036107,28.72,0.0255,241451.7961,222.3538,193.6338
OP00955,2024-12-24,Antony Montenegro,PF,BRL,EUR,5543.03,5.91473,6.056626,23.54,0.024,915.201,132.9788,109.4388
OP00956,2024-02-16,Cavalcanti,PME,BRL,USD,30617.83,5.334167,5.43464,42.62,0.0188,5633.8286,576.7096,534.0896
OP00957,2024-09-01,Brito - EI,PME,BRL,USD,66019.28,5.252349,5.324178,78.02,0.0137,12399.901,902.853,824.833
OP00958,2024-09-22,Isaque Correia,PF,BRL,EUR,9357.2,5.91285,6.108332,27.36,0.0331,1531.8748,309.3541,281.9941
OP00959,2024-12-22,Fogaça,PME,BRL,USD,32916.03,5.462859,5.526013,44.92,0.0116,5956.5604,380.5295,335.6095
OP00960,2024-08-04,Miguel Barros,PF,BRL,USD,2828.6,5.554951,5.642098,14.83,0.0157,501.3383,44.3755,29.5455
OP00961,2024-04-27,Guerra,PME,BRL,EUR,61670.95,5.666918,5.770507,79.67,0.0183,10687.2672,1127.3204,1047.6504
OP00962,2024-02-22,Isabelly Sampaio,PF,BRL,GBP,2382.69,7.060724,7.361158,24.38,0.0426,323.6841,101.3835,77.0035
OP00963,2024-06-02,Kaique Rodrigues,PF,BRL,USD,4103.21,5.479042,5.595809,16.1,0.0213,733.2648,87.4459,71.3459
OP00964,2024-03-09,Arthur Gabriel Borges,PF,BRL,GBP,3773.29,6.988959,7.23246,25.77,0.0348,521.716,131.4645,105.6945
OP00965,2024-02-05,Garcia,PME,BRL,EUR,78735.66,5.921659,6.126906,96.74,0.0347,12850.8027,2729.0085,2632.2685
OP00966,2024-11-28,Olívia Araújo,PF,BRL,USD,4716.35,5.345591,5.410064,16.72,0.0121,871.7734,56.8837,40.1637
OP00967,2024-04-19,Alexia Sampaio,PF,BRL,USD,4883.46,5.385474,5.492671,16.88,0.0199,889.0866,97.2045,80.3245
OP00968,2024-07-29,Barros Monteiro - ME,PME,BRL,USD,16857.57,5.469178,5.569549,28.86,0.0184,3026.7388,309.3721,280.5121
OP00969,2024-04-21,Nunes,PME,BRL,USD,72621.79,5.543525,5.652442,84.62,0.0196,12847.8612,1426.8444,1342.2244
OP00970,2024-03-04,Vinícius Aparecida,PF,BRL,USD,9509.44,5.618165,5.719266,21.51,0.018,1662.7029,171.126,149.616
OP00971,2024-08-07,Cunha Sales - EI,PME,BRL,USD,58067.62,5.51287,5.609188,70.07,0.0175,10352.2328,1014.5273,944.4573
OP00972,2024-05-21,Júlia Aparecida,PF,BRL,USD,14450.09,5.346849,5.427965,26.45,0.0152,2662.1561,219.2195,192.7695
OP00973,2024-11-03,Rodrigues Ltda.,PME,BRL,USD,67487.44,5.248875,5.362451,79.49,0.0216,12585.1854,1460.3041,1380.8141
OP00974,2024-12-19,Cavalcanti Ltda.,PME,BRL,EUR,44173.91,5.915576,6.081529,62.17,0.0281,7263.6191,1239.2357,1177.0657
OP00975,2024-06-03,Gustavo Henrique Pastor,PF,BRL,ARS,7277.17,0.006106,0.006429,15.28,0.0529,1131928.7603,384.9535,369.6735
OP00976,2024-04-06,Miguel Barbosa,PF,BRL,EUR,4805.46,5.773588,5.952545,22.81,0.031,807.295,148.9491,126.1391
OP00977,2024-01-28,Castro,PME,BRL,USD,26487.65,5.56002,5.68123,38.49,0.0218,4662.309,577.4382,538.9482
OP00978,2024-05-02,Nunes Gomes e Filhos,PME,BRL,GBP,50041.41,6.723805,6.976494,72.04,0.0376,7172.8593,1880.6188,1808.5788
OP00979,2024-09-12,Luísa Gomes,PF,BRL,USD,9173.47,5.544879,5.621418,21.17,0.0138,1631.8783,126.6264,105.4564
OP00980,2024-01-07,Vieira Sales e Filhos,PME,BRL,USD,63719.08,5.289627,5.383209,75.72,0.0177,11836.635,1127.2929,1051.5729
OP00981,2024-03-08,Montenegro e Filhos,Corporate,BRL,JPY,700879.95,0.035367,0.036421,720.88,0.0298,19243841.4651,20887.4789,20166.5989
OP00982,2024-08-03,Sr. Carlos Eduardo Lopes,PF,BRL,ARS,8855.13,0.006057,0.006285,16.86,0.0376,1408930.7876,333.3283,316.4683
OP00983,2024-08-29,Breno Fernandes,PF,BRL,EUR,12704.22,5.949915,6.153778,30.7,0.0343,2064.4586,435.287,404.587
OP00984,2024-01-09,Vasconcelos,Corporate,BRL,GBP,277675.01,7.322549,7.546951,299.68,0.0306,36793.0055,8509.4449,8209.7649
OP00985,2024-04-20,Alves,PME,BRL,USD,57790.02,5.27569,5.348622,69.79,0.0138,10804.6559,798.8987,729.1087
OP00986,2024-07-22,Júlia Viana,PF,BRL,USD,5474.52,5.48265,5.579222,17.47,0.0176,981.2336,96.4288,78.9588
OP00987,2024-09-13,Rebeca da Conceição,PF,BRL,EUR,3780.87,5.832352,5.938121,21.78,0.0181,636.7115,68.5656,46.7856
OP00988,2024-07-24,Novaes,PME,BRL,USD,30801.45,5.383907,5.479645,42.8,0.0178,5621.0667,547.7192,504.9192
OP00989,2024-11-11,Marina Cirino,PF,BRL,EUR,2537.22,5.922857,6.128735,20.54,0.0348,413.9876,88.1935,67.6535
OP00990,2024-02-10,Maria Helena Barros,PF,BRL,USD,4524.72,5.422883,5.527811,16.52,0.0193,818.5374,87.5493,71.0293
OP00991,2024-03-20,Laís da Cruz,PF,BRL,USD,8556.16,5.33179,5.451579,20.56,0.0225,1569.4829,192.2307,171.6707
OP00992,2024-11-20,Srta. Antonella da Mata,PF,BRL,USD,5945.47,5.408076,5.495038,17.95,0.0161,1081.9707,95.6033,77.6533
OP00993,2024-11-25,Garcia Silva e Filhos,PME,BRL,EUR,36677.56,5.827013,6.042652,54.68,0.037,6069.7786,1357.3185,1302.6385
OP00994,2024-05-02,Mathias Dias,PF,BRL,EUR,6142.78,5.886089,6.099514,24.14,0.0363,1007.0934,222.7324,198.5924
OP00995,2024-08-10,Sr. Caleb Abreu,PF,BRL,USD,4419.04,5.31937,5.379758,16.42,0.0114,821.4198,50.167,33.747
OP00996,2024-01-29,Pedro Miguel Fonseca,PF,BRL,EUR,3365.84,5.76753,5.922574,21.37,0.0269,568.307,90.4812,69.1112
OP00997,2024-03-30,Cauã Cardoso,PF,BRL,GBP,3723.8,6.860687,7.03234,25.72,0.025,529.525,93.1687,67.4487
OP00998,2024-12-25,Francisco Lopes,PF,BRL,GBP,1800.58,6.836131,7.110663,23.8,0.0402,253.2225,72.3094,48.5094
OP00999,2024-06-26,Sophie Jesus,PF,BRL,EUR,2429.09,5.728081,5.854959,20.43,0.0222,414.8774,53.8048,33.3748
OP01000,2024-05-12,Apollo Borges,PF,BRL,GBP,3976.98,6.81994,7.021317,25.98,0.0295,566.4151,117.431,91.451
